"type","id","name","district","county","sub-county"
"D","01","Apac","Apac","",""
"C","002","Kwania County","Apac","Kwania County",""
"S","01","Aduku","Apac","Kwania County","Aduku"
"S","02","Cawente","Apac","Kwania County","Cawente"
"S","03","Inomo","Apac","Kwania County","Inomo"
"S","04","Nambieso","Apac","Kwania County","Nambieso"
"S","05","Abongomola","Apac","Kwania County","Abongomola"
"S","06","Aduku Town Council","Apac","Kwania County","Aduku Town Council"
"C","003","Maruzi County","Apac","Maruzi County",""
"S","01","Akokoro","Apac","Maruzi County","Akokoro"
"S","02","Apac","Apac","Maruzi County","Apac"
"S","03","Apac Town Council","Apac","Maruzi County","Apac Town Council"
"S","04","Chegere","Apac","Maruzi County","Chegere"
"S","05","Ibuje","Apac","Maruzi County","Ibuje"
"D","02","Arua","Arua","",""
"C","007","Ayivu County","Arua","Ayivu County",""
"S","01","Adumi","Arua","Ayivu County","Adumi"
"S","02","Aroi","Arua","Ayivu County","Aroi"
"S","03","Oluko","Arua","Ayivu County","Oluko"
"S","04","Pajulu","Arua","Ayivu County","Pajulu"
"S","05","Manibe","Arua","Ayivu County","Manibe"
"S","06","Dadamu","Arua","Ayivu County","Dadamu"
"S","07","Ayivuni","Arua","Ayivu County","Ayivuni"
"C","009","Madi-Okollo County","Arua","Madi-Okollo County",""
"S","01","Offaka","Arua","Madi-Okollo County","Offaka"
"S","02","Ogoko","Arua","Madi-Okollo County","Ogoko"
"S","03","Okollo","Arua","Madi-Okollo County","Okollo"
"S","04","Rhino Camp","Arua","Madi-Okollo County","Rhino Camp"
"S","05","Rigbo","Arua","Madi-Okollo County","Rigbo"
"S","06","Uleppi","Arua","Madi-Okollo County","Uleppi"
"S","08","Anyiribu","Arua","Madi-Okollo County","Anyiribu"
"S","09","Pawor","Arua","Madi-Okollo County","Pawor"
"S","10","Ewanga","Arua","Madi-Okollo County","Ewanga"
"C","011","Terego County","Arua","Terego County",""
"S","01","Aii-Vu/Ajivu","Arua","Terego County","Aii-Vu/Ajivu"
"S","02","Beleafe","Arua","Terego County","Beleafe"
"S","03","Katrini","Arua","Terego County","Katrini"
"S","04","Omugo","Arua","Terego County","Omugo"
"S","05","Odupi","Arua","Terego County","Odupi"
"S","06","Uriama","Arua","Terego County","Uriama"
"C","012","Vurra County","Arua","Vurra County",""
"S","01","Ajia","Arua","Vurra County","Ajia"
"S","02","Arivu","Arua","Vurra County","Arivu"
"S","03","Logiri","Arua","Vurra County","Logiri"
"S","04","Vurra","Arua","Vurra County","Vurra"
"C","013","Arua Municipality","Arua","Arua Municipality",""
"S","01","Arua Hill","Arua","Arua Municipality","Arua Hill"
"S","02","Oli River","Arua","Arua Municipality","Oli River"
"D","03","Bundibugyo","Bundibugyo","",""
"C","014","Bwamba County","Bundibugyo","Bwamba County",""
"S","01","Bubandi","Bundibugyo","Bwamba County","Bubandi"
"S","02","Bubukwanga","Bundibugyo","Bwamba County","Bubukwanga"
"S","03","Bundibugyo Town Council","Bundibugyo","Bwamba County","Bundibugyo Town Council"
"S","04","Busaru","Bundibugyo","Bwamba County","Busaru"
"S","05","Nyahuka Town Council","Bundibugyo","Bwamba County","Nyahuka Town Council"
"S","06","Kirumya","Bundibugyo","Bwamba County","Kirumya"
"S","07","Kisubba","Bundibugyo","Bwamba County","Kisubba"
"S","08","Mirambi","Bundibugyo","Bwamba County","Mirambi"
"C","215","Bughendera County","Bundibugyo","Bughendera County",""
"S","01","Harugali","Bundibugyo","Bughendera County","Harugali"
"S","02","Kasitu","Bundibugyo","Bughendera County","Kasitu"
"S","03","Ndugutu","Bundibugyo","Bughendera County","Ndugutu"
"S","04","Bukonzo","Bundibugyo","Bughendera County","Bukonzo"
"S","05","Ntotoro","Bundibugyo","Bughendera County","Ntotoro"
"S","06","Sindila","Bundibugyo","Bughendera County","Sindila"
"S","07","Ngamba","Bundibugyo","Bughendera County","Ngamba"
"D","04","Bushenyi","Bushenyi","",""
"C","018","Igara County East","Bushenyi","Igara County East",""
"S","01","Bumbaire","Bushenyi","Igara County East","Bumbaire"
"S","02","Kyabugimbi","Bushenyi","Igara County East","Kyabugimbi"
"S","03","Kyeizoba","Bushenyi","Igara County East","Kyeizoba"
"S","05","Ibaare","Bushenyi","Igara County East","Ibaare"
"S","06","Ruhumuro","Bushenyi","Igara County East","Ruhumuro"
"C","019","Igara County West","Bushenyi","Igara County West",""
"S","02","Kakanju","Bushenyi","Igara County West","Kakanju"
"S","03","Kyamuhunga","Bushenyi","Igara County West","Kyamuhunga"
"S","04","Nyabubare","Bushenyi","Igara County West","Nyabubare"
"S","05","Bitooma","Bushenyi","Igara County West","Bitooma"
"C","225","Bushenyi -Ishaka Municipality","Bushenyi","Bushenyi -Ishaka Municipality",""
"S","01","Central Division","Bushenyi","Bushenyi -Ishaka Municipality","Central Division"
"S","02","Ishaka Division","Bushenyi","Bushenyi -Ishaka Municipality","Ishaka Division"
"S","03","Nyakabirizi Division","Bushenyi","Bushenyi -Ishaka Municipality","Nyakabirizi Division"
"D","05","Gulu","Gulu","",""
"C","023","Aswa County","Gulu","Aswa County",""
"S","01","Awach","Gulu","Aswa County","Awach"
"S","02","Bungatira","Gulu","Aswa County","Bungatira"
"S","03","Paicho","Gulu","Aswa County","Paicho"
"S","04","Palaro","Gulu","Aswa County","Palaro"
"S","05","Patiko","Gulu","Aswa County","Patiko"
"S","06","Unyama","Gulu","Aswa County","Unyama"
"C","026","Omoro County","Gulu","Omoro County",""
"S","01","Bobi","Gulu","Omoro County","Bobi"
"S","02","Koro","Gulu","Omoro County","Koro"
"S","03","Lakwana","Gulu","Omoro County","Lakwana"
"S","04","Lalogi","Gulu","Omoro County","Lalogi"
"S","05","Odek","Gulu","Omoro County","Odek"
"S","06","Ongako","Gulu","Omoro County","Ongako"
"C","027","Gulu Municipality","Gulu","Gulu Municipality",""
"S","01","Bar-Dege","Gulu","Gulu Municipality","Bar-Dege"
"S","02","Laroo","Gulu","Gulu Municipality","Laroo"
"S","03","Layibi","Gulu","Gulu Municipality","Layibi"
"S","04","Pece","Gulu","Gulu Municipality","Pece"
"D","06","Hoima","Hoima","",""
"C","028","Bugahya County","Hoima","Bugahya County",""
"S","01","Buhanika","Hoima","Bugahya County","Buhanika"
"S","02","Buseruka","Hoima","Bugahya County","Buseruka"
"S","05","Kigorobya","Hoima","Bugahya County","Kigorobya"
"S","06","Kigorobya Town Council","Hoima","Bugahya County","Kigorobya Town Council"
"S","07","Kitoba","Hoima","Bugahya County","Kitoba"
"S","08","Kyabigambire","Hoima","Bugahya County","Kyabigambire"
"C","029","Buhaguzi County","Hoima","Buhaguzi County",""
"S","01","Bugambe","Hoima","Buhaguzi County","Bugambe"
"S","02","Buhimba","Hoima","Buhaguzi County","Buhimba"
"S","03","Kabwoya","Hoima","Buhaguzi County","Kabwoya"
"S","04","Kiziranfumbi","Hoima","Buhaguzi County","Kiziranfumbi"
"S","05","Kyangwali","Hoima","Buhaguzi County","Kyangwali"
"C","227","Hoima Municipality","Hoima","Hoima Municipality",""
"S","01","Bujumbura Division","Hoima","Hoima Municipality","Bujumbura Division"
"S","02","Mparo Division","Hoima","Hoima Municipality","Mparo Division"
"S","03","Busiisi Division","Hoima","Hoima Municipality","Busiisi Division"
"S","04","Kahoora Division","Hoima","Hoima Municipality","Kahoora Division"
"D","07","Iganga","Iganga","",""
"C","030","Bugweri County","Iganga","Bugweri County",""
"S","01","Buyanga","Iganga","Bugweri County","Buyanga"
"S","02","Ibulanku","Iganga","Bugweri County","Ibulanku"
"S","03","Makuutu","Iganga","Bugweri County","Makuutu"
"S","04","Namalemba","Iganga","Bugweri County","Namalemba"
"S","05","Busembatia Town Council","Iganga","Bugweri County","Busembatia Town Council"
"S","06","Igombe","Iganga","Bugweri County","Igombe"
"C","038","Kigulu County North","Iganga","Kigulu County North",""
"S","01","Nabitende","Iganga","Kigulu County North","Nabitende"
"S","02","Nambale","Iganga","Kigulu County North","Nambale"
"S","03","Namungalwe","Iganga","Kigulu County North","Namungalwe"
"S","04","Nawandala","Iganga","Kigulu County North","Nawandala"
"C","039","Kigulu County South","Iganga","Kigulu County South",""
"S","01","Bulamagi","Iganga","Kigulu County South","Bulamagi"
"S","03","Nakalama","Iganga","Kigulu County South","Nakalama"
"S","04","Nakigo","Iganga","Kigulu County South","Nakigo"
"S","05","Nawanyingi","Iganga","Kigulu County South","Nawanyingi"
"C","228","Iganga Municipality","Iganga","Iganga Municipality",""
"S","01","Central Division","Iganga","Iganga Municipality","Central Division"
"S","02","Northern Division","Iganga","Iganga Municipality","Northern Division"
"D","08","Jinja","Jinja","",""
"C","041","Butembe County","Jinja","Butembe County",""
"S","01","Busedde","Jinja","Butembe County","Busedde"
"S","02","Kakira Town Council","Jinja","Butembe County","Kakira Town Council"
"S","03","Mafubira","Jinja","Butembe County","Mafubira"
"S","04","Bugembe Town Council","Jinja","Butembe County","Bugembe Town Council"
"C","042","Kagoma County","Jinja","Kagoma County",""
"S","01","Budondo","Jinja","Kagoma County","Budondo"
"S","02","Butagaya","Jinja","Kagoma County","Butagaya"
"S","03","Buwenge","Jinja","Kagoma County","Buwenge"
"S","04","Buwenge Town Council","Jinja","Kagoma County","Buwenge Town Council"
"S","05","Buyengo","Jinja","Kagoma County","Buyengo"
"C","043","Jinja Municipality East","Jinja","Jinja Municipality East",""
"S","01","Jinja Central","Jinja","Jinja Municipality East","Jinja Central"
"S","02","Walukuba/Masese","Jinja","Jinja Municipality East","Walukuba/Masese"
"C","044","Jinja Municipality West","Jinja","Jinja Municipality West",""
"S","02","Kimaka /Mpumudde","Jinja","Jinja Municipality West","Kimaka /Mpumudde"
"D","09","Kabale","Kabale","",""
"C","045","Ndorwa County East","Kabale","Ndorwa County East",""
"S","01","Buhara","Kabale","Ndorwa County East","Buhara"
"S","02","Kaharo","Kabale","Ndorwa County East","Kaharo"
"S","03","Kyanamira","Kabale","Ndorwa County East","Kyanamira"
"S","04","Maziba","Kabale","Ndorwa County East","Maziba"
"C","046","Ndorwa County West","Kabale","Ndorwa County West",""
"S","01","Kamuganguzi","Kabale","Ndorwa County West","Kamuganguzi"
"S","02","Kitumba","Kabale","Ndorwa County West","Kitumba"
"S","03","Rubaya","Kabale","Ndorwa County West","Rubaya"
"S","04","Butanda","Kabale","Ndorwa County West","Butanda"
"S","05","Katuna Town Council","Kabale","Ndorwa County West","Katuna Town Council"
"C","047","Rubanda County East","Kabale","Rubanda County East",""
"S","01","Bubare","Kabale","Rubanda County East","Bubare"
"S","02","Hamurwa","Kabale","Rubanda County East","Hamurwa"
"S","03","Hamurwa Town Council","Kabale","Rubanda County East","Hamurwa Town Council"
"S","04","Nyamweeru","Kabale","Rubanda County East","Nyamweeru"
"C","048","Rubanda County West","Kabale","Rubanda County West",""
"S","01","Bufundi","Kabale","Rubanda County West","Bufundi"
"S","02","Ikumba","Kabale","Rubanda County West","Ikumba"
"S","03","Muko","Kabale","Rubanda County West","Muko"
"S","04","Ruhija","Kabale","Rubanda County West","Ruhija"
"C","049","Rukiga County","Kabale","Rukiga County",""
"S","01","Bukinda","Kabale","Rukiga County","Bukinda"
"S","02","Kamwezi","Kabale","Rukiga County","Kamwezi"
"S","03","Kashambya","Kabale","Rukiga County","Kashambya"
"S","04","Rwamucucu","Kabale","Rukiga County","Rwamucucu"
"S","05","Muhanga Town Council","Kabale","Rukiga County","Muhanga Town Council"
"C","050","Kabale Municipality","Kabale","Kabale Municipality",""
"S","01","Kabale Central","Kabale","Kabale Municipality","Kabale Central"
"S","02","Kabale Northern","Kabale","Kabale Municipality","Kabale Northern"
"S","03","Kabale Southern","Kabale","Kabale Municipality","Kabale Southern"
"D","10","Kabarole","Kabarole","",""
"C","051","Bunyangabu County","Kabarole","Bunyangabu County",""
"S","01","Buheesi","Kabarole","Bunyangabu County","Buheesi"
"S","02","Kibiito","Kabarole","Bunyangabu County","Kibiito"
"S","03","Kisomoro","Kabarole","Bunyangabu County","Kisomoro"
"S","04","Rwimi","Kabarole","Bunyangabu County","Rwimi"
"S","05","Kateebwa","Kabarole","Bunyangabu County","Kateebwa"
"S","06","Kibiito Town Council","Kabarole","Bunyangabu County","Kibiito Town Council"
"S","07","Rwimi Town Council","Kabarole","Bunyangabu County","Rwimi Town Council"
"S","08","Kabonero","Kabarole","Bunyangabu County","Kabonero"
"S","09","Rubona Town Council","Kabarole","Bunyangabu County","Rubona Town Council"
"C","052","Burahya County","Kabarole","Burahya County",""
"S","01","Bukuuku","Kabarole","Burahya County","Bukuuku"
"S","02","Busoro","Kabarole","Burahya County","Busoro"
"S","03","Hakibale","Kabarole","Burahya County","Hakibale"
"S","04","Karambi","Kabarole","Burahya County","Karambi"
"S","05","Kicwamba","Kabarole","Burahya County","Kicwamba"
"S","06","Mugusu","Kabarole","Burahya County","Mugusu"
"S","07","Ruteete","Kabarole","Burahya County","Ruteete"
"S","08","Kasenda","Kabarole","Burahya County","Kasenda"
"S","09","Karangura","Kabarole","Burahya County","Karangura"
"S","10","Kyaitamba Town Council","Kabarole","Burahya County","Kyaitamba Town Council"
"C","058","Fort Portal Municipality","Kabarole","Fort Portal Municipality",""
"S","01","Eastern Division","Kabarole","Fort Portal Municipality","Eastern Division"
"S","02","Southern Division","Kabarole","Fort Portal Municipality","Southern Division"
"S","03","Western Division","Kabarole","Fort Portal Municipality","Western Division"
"D","11","Kalangala","Kalangala","",""
"C","059","Bujumba County","Kalangala","Bujumba County",""
"S","01","Bujumba","Kalangala","Bujumba County","Bujumba"
"S","02","Kalangala Town Council","Kalangala","Bujumba County","Kalangala Town Council"
"S","03","Mugoye","Kalangala","Bujumba County","Mugoye"
"C","060","Kyamuswa County","Kalangala","Kyamuswa County",""
"S","01","Bufumira","Kalangala","Kyamuswa County","Bufumira"
"S","02","Bubeke","Kalangala","Kyamuswa County","Bubeke"
"S","03","Kyamuswa","Kalangala","Kyamuswa County","Kyamuswa"
"S","04","Mazinga","Kalangala","Kyamuswa County","Mazinga"
"D","13","Kamuli","Kamuli","",""
"C","070","Bugabula County North","Kamuli","Bugabula County North",""
"S","01","Balawoli","Kamuli","Bugabula County North","Balawoli"
"S","02","Kamuli Town Council","Kamuli","Bugabula County North","Kamuli Town Council"
"S","02","Nabwigulu","Kamuli","Bugabula County North","Nabwigulu"
"S","02","Namasagali","Kamuli","Bugabula County North","Namasagali"
"C","071","Bugabula County South","Kamuli","Bugabula County South",""
"S","01","Bulopa","Kamuli","Bugabula County South","Bulopa"
"S","02","Butansi","Kamuli","Bugabula County South","Butansi"
"S","03","Kitayunjwa","Kamuli","Bugabula County South","Kitayunjwa"
"S","04","Namwendwa","Kamuli","Bugabula County South","Namwendwa"
"C","073","Buzaaya County","Kamuli","Buzaaya County",""
"S","01","Bugulumbya","Kamuli","Buzaaya County","Bugulumbya"
"S","02","Kisozi","Kamuli","Buzaaya County","Kisozi"
"S","03","Mbulamuti","Kamuli","Buzaaya County","Mbulamuti"
"S","04","Nawanyago","Kamuli","Buzaaya County","Nawanyago"
"S","05","Wankole","Kamuli","Buzaaya County","Wankole"
"D","14","Kapchorwa","Kapchorwa","",""
"C","076","Tingey County","Kapchorwa","Tingey County",""
"S","01","Kapchorwa Town Council","Kapchorwa","Tingey County","Kapchorwa Town Council"
"S","02","Kaptanya","Kapchorwa","Tingey County","Kaptanya"
"S","03","Kaserem","Kapchorwa","Tingey County","Kaserem"
"S","04","Sipi","Kapchorwa","Tingey County","Sipi"
"S","05","Tegeres","Kapchorwa","Tingey County","Tegeres"
"S","06","Chema","Kapchorwa","Tingey County","Chema"
"S","07","Kawowo","Kapchorwa","Tingey County","Kawowo"
"S","08","Gamogo","Kapchorwa","Tingey County","Gamogo"
"S","09","Kabeywa","Kapchorwa","Tingey County","Kabeywa"
"S","10","Kapchesombe","Kapchorwa","Tingey County","Kapchesombe"
"S","11","Kapsinda","Kapchorwa","Tingey County","Kapsinda"
"S","12","Kapteret","Kapchorwa","Tingey County","Kapteret"
"S","13","Munarya","Kapchorwa","Tingey County","Munarya"
"D","15","Kasese","Kasese","",""
"C","077","Bukonzo County East","Kasese","Bukonzo County East",""
"S","01","Kisinga","Kasese","Bukonzo County East","Kisinga"
"S","02","Kyarumba","Kasese","Bukonzo County East","Kyarumba"
"S","03","Kyondo","Kasese","Bukonzo County East","Kyondo"
"S","04","Mahango","Kasese","Bukonzo County East","Mahango"
"S","05","Munkunyu","Kasese","Bukonzo County East","Munkunyu"
"C","078","Bukonjo County West","Kasese","Bukonjo County West",""
"S","01","Bwera","Kasese","Bukonjo County West","Bwera"
"S","02","Ihandiro","Kasese","Bukonjo County West","Ihandiro"
"S","03","Karambi","Kasese","Bukonjo County West","Karambi"
"S","04","Kitholu","Kasese","Bukonjo County West","Kitholu"
"S","05","Nyakiyumbu","Kasese","Bukonjo County West","Nyakiyumbu"
"S","06","Mpondwe/Lhubiriha Town Council","Kasese","Bukonjo County West","Mpondwe/Lhubiriha Town Council"
"S","07","Isango","Kasese","Bukonjo County West","Isango"
"C","079","Busongora County North","Kasese","Busongora County North",""
"S","01","Bugoye","Kasese","Busongora County North","Bugoye"
"S","02","Kitswamba","Kasese","Busongora County North","Kitswamba"
"S","03","Kyabarungira","Kasese","Busongora County North","Kyabarungira"
"S","04","Maliba","Kasese","Busongora County North","Maliba"
"S","05","Hima Town Council","Kasese","Busongora County North","Hima Town Council"
"S","06","Bwesumbu","Kasese","Busongora County North","Bwesumbu"
"S","07","Buhuhira","Kasese","Busongora County North","Buhuhira"
"C","080","Busongora County South","Kasese","Busongora County South",""
"S","01","Karusandara","Kasese","Busongora County South","Karusandara"
"S","03","Kilembe","Kasese","Busongora County South","Kilembe"
"S","04","Lake Kabatoro Town Council","Kasese","Busongora County South","Lake Kabatoro Town Council"
"S","05","Lake Katwe","Kasese","Busongora County South","Lake Katwe"
"S","06","Muhokya","Kasese","Busongora County South","Muhokya"
"S","07","Rukoki","Kasese","Busongora County South","Rukoki"
"C","229","Kasese Municipality","Kasese","Kasese Municipality",""
"S","01","Bulembia Division","Kasese","Kasese Municipality","Bulembia Division"
"S","02","Central Division","Kasese","Kasese Municipality","Central Division"
"S","03","Nyamwamba Division","Kasese","Kasese Municipality","Nyamwamba Division"
"D","16","Kibaale","Kibaale","",""
"C","081","Bugangaizi County","Kibaale","Bugangaizi County",""
"S","01","Bwanswa","Kibaale","Bugangaizi County","Bwanswa"
"S","02","Kakindo","Kibaale","Bugangaizi County","Kakindo"
"S","03","Kasambya","Kibaale","Bugangaizi County","Kasambya"
"S","05","Narweyo","Kibaale","Bugangaizi County","Narweyo"
"S","07","Birembo","Kibaale","Bugangaizi County","Birembo"
"C","082","Buyaga County","Kibaale","Buyaga County",""
"S","02","Kagadi","Kibaale","Buyaga County","Kagadi"
"S","03","Kiryanga","Kibaale","Buyaga County","Kiryanga"
"S","04","Kyanaisoke","Kibaale","Buyaga County","Kyanaisoke"
"S","05","Mabaale","Kibaale","Buyaga County","Mabaale"
"S","09","Kagadi Town Council","Kibaale","Buyaga County","Kagadi Town Council"
"S","11","Kabamba","Kibaale","Buyaga County","Kabamba"
"S","13","Kyenzige","Kibaale","Buyaga County","Kyenzige"
"S","15","Pachwa","Kibaale","Buyaga County","Pachwa"
"C","083","Buyanja County","Kibaale","Buyanja County",""
"S","01","Bwamiramira","Kibaale","Buyanja County","Bwamiramira"
"S","02","Kibaale Town Council","Kibaale","Buyanja County","Kibaale Town Council"
"S","03","Kyebando","Kibaale","Buyanja County","Kyebando"
"S","04","Matale","Kibaale","Buyanja County","Matale"
"S","05","Mugarama","Kibaale","Buyanja County","Mugarama"
"S","06","Bubango","Kibaale","Buyanja County","Bubango"
"S","07","Nyamarwa","Kibaale","Buyanja County","Nyamarwa"
"S","08","Nyamarunda","Kibaale","Buyanja County","Nyamarunda"
"C","219","Bugangaizi East Couty","Kibaale","Bugangaizi East Couty",""
"S","04","Kisiita","Kibaale","Bugangaizi East Couty","Kisiita"
"S","06","Nkooko","Kibaale","Bugangaizi East Couty","Nkooko"
"S","08","Mpasaana","Kibaale","Bugangaizi East Couty","Mpasaana"
"C","220","Buyaga West County","Kibaale","Buyaga West County",""
"S","01","Bwikara","Kibaale","Buyaga West County","Bwikara"
"S","06","Mpeefu","Kibaale","Buyaga West County","Mpeefu"
"S","07","Muhorro","Kibaale","Buyaga West County","Muhorro"
"S","08","Rugashari","Kibaale","Buyaga West County","Rugashari"
"S","10","Burora","Kibaale","Buyaga West County","Burora"
"S","12","Kyaterekera","Kibaale","Buyaga West County","Kyaterekera"
"S","14","Ndaiga","Kibaale","Buyaga West County","Ndaiga"
"S","16","Ruteete","Kibaale","Buyaga West County","Ruteete"
"S","17","Kyakabadiima","Kibaale","Buyaga West County","Kyakabadiima"
"D","17","Kiboga","Kiboga","",""
"C","084","Kiboga East County","Kiboga","Kiboga East County",""
"S","01","Bukomero","Kiboga","Kiboga East County","Bukomero"
"S","02","Ddwaniro","Kiboga","Kiboga East County","Ddwaniro"
"S","03","Kapeke","Kiboga","Kiboga East County","Kapeke"
"S","04","Kibiga","Kiboga","Kiboga East County","Kibiga"
"S","05","Kiboga Town Council","Kiboga","Kiboga East County","Kiboga Town Council"
"S","06","Lwamata","Kiboga","Kiboga East County","Lwamata"
"S","07","Muwanga","Kiboga","Kiboga East County","Muwanga"
"D","18","Kisoro","Kisoro","",""
"C","086","Bufumbira County East","Kisoro","Bufumbira County East",""
"S","01","Bukimbiri","Kisoro","Bufumbira County East","Bukimbiri"
"S","02","Kanaba","Kisoro","Bufumbira County East","Kanaba"
"S","03","Murora","Kisoro","Bufumbira County East","Murora"
"S","04","Nyakabande","Kisoro","Bufumbira County East","Nyakabande"
"S","05","Nyundo","Kisoro","Bufumbira County East","Nyundo"
"C","087","Bufumbira County North","Kisoro","Bufumbira County North",""
"S","01","Busanza","Kisoro","Bufumbira County North","Busanza"
"S","02","Kirundo","Kisoro","Bufumbira County North","Kirundo"
"S","03","Nyabwishenya","Kisoro","Bufumbira County North","Nyabwishenya"
"S","04","Nyarubuye","Kisoro","Bufumbira County North","Nyarubuye"
"C","088","Bufumbira County South","Kisoro","Bufumbira County South",""
"S","01","Chahi","Kisoro","Bufumbira County South","Chahi"
"S","02","Kisoro Town Council","Kisoro","Bufumbira County South","Kisoro Town Council"
"S","03","Muramba","Kisoro","Bufumbira County South","Muramba"
"S","04","Nyakinama","Kisoro","Bufumbira County South","Nyakinama"
"S","05","Nyarusiza","Kisoro","Bufumbira County South","Nyarusiza"
"D","19","Kitgum","Kitgum","",""
"C","091","Chua County","Kitgum","Chua County",""
"S","01","Kitgum Matidi","Kitgum","Chua County","Kitgum Matidi"
"S","02","Kitgum Town Council","Kitgum","Chua County","Kitgum Town Council"
"S","03","Labongo-Layamo","Kitgum","Chua County","Labongo-Layamo"
"S","04","Labongo-Amida","Kitgum","Chua County","Labongo-Amida"
"S","05","Muchwini","Kitgum","Chua County","Muchwini"
"S","06","Nam-Okora","Kitgum","Chua County","Nam-Okora"
"S","07","Orom","Kitgum","Chua County","Orom"
"S","08","Lagoro","Kitgum","Chua County","Lagoro"
"S","09","Akwang","Kitgum","Chua County","Akwang"
"S","10","Omiya-Anyima","Kitgum","Chua County","Omiya-Anyima"
"D","20","Kotido","Kotido","",""
"C","094","Jie County","Kotido","Jie County",""
"S","01","Kacheri","Kotido","Jie County","Kacheri"
"S","02","Kotido","Kotido","Jie County","Kotido"
"S","03","Kotido Town Council","Kotido","Jie County","Kotido Town Council"
"S","04","Nakapelimoru","Kotido","Jie County","Nakapelimoru"
"S","05","Panyangara","Kotido","Jie County","Panyangara"
"S","06","Rengen","Kotido","Jie County","Rengen"
"D","21","Kumi","Kumi","",""
"C","097","Kumi County","Kumi","Kumi County",""
"S","01","Atutur","Kumi","Kumi County","Atutur"
"S","02","Kanyum","Kumi","Kumi County","Kanyum"
"S","03","Kumi","Kumi","Kumi County","Kumi"
"S","04","Kumi Town Council","Kumi","Kumi County","Kumi Town Council"
"S","05","Mukongoro","Kumi","Kumi County","Mukongoro"
"S","06","Nyero","Kumi","Kumi County","Nyero"
"S","07","Ongino","Kumi","Kumi County","Ongino"
"D","22","Lira","Lira","",""
"C","100","Erute County North","Lira","Erute County North",""
"S","01","Aromo","Lira","Erute County North","Aromo"
"S","02","Lira","Lira","Erute County North","Lira"
"S","03","Ogur","Lira","Erute County North","Ogur"
"S","04","Agweng","Lira","Erute County North","Agweng"
"C","101","Erute County South","Lira","Erute County South",""
"S","01","Adekokwok","Lira","Erute County South","Adekokwok"
"S","02","Amach","Lira","Erute County South","Amach"
"S","03","Barr","Lira","Erute County South","Barr"
"S","04","Agali","Lira","Erute County South","Agali"
"S","05","Ngetta","Lira","Erute County South","Ngetta"
"C","105","Lira Municipality","Lira","Lira Municipality",""
"S","01","Adyel","Lira","Lira Municipality","Adyel"
"S","02","Lira Central","Lira","Lira Municipality","Lira Central"
"S","03","Ojwina","Lira","Lira Municipality","Ojwina"
"S","04","Railways","Lira","Lira Municipality","Railways"
"D","23","Luweero","Luweero","",""
"C","107","Katikamu County North","Luweero","Katikamu County North",""
"S","01","Butuntumula","Luweero","Katikamu County North","Butuntumula"
"S","02","Katimaku","Luweero","Katikamu County North","Katimaku"
"S","03","Luwero","Luweero","Katikamu County North","Luwero"
"S","04","Luweero Town Council","Luweero","Katikamu County North","Luweero Town Council"
"C","108","Katikamu County South","Luweero","Katikamu County South",""
"S","01","Bombo Town Council","Luweero","Katikamu County South","Bombo Town Council"
"S","03","Makulubita","Luweero","Katikamu County South","Makulubita"
"S","04","Nyimbwa","Luweero","Katikamu County South","Nyimbwa"
"S","05","Wobulenzi Town Council","Luweero","Katikamu County South","Wobulenzi Town Council"
"C","110","Bamunanika County","Luweero","Bamunanika County",""
"S","01","Bamunanika","Luweero","Bamunanika County","Bamunanika"
"S","02","Kalagala","Luweero","Bamunanika County","Kalagala"
"S","03","Kamira","Luweero","Bamunanika County","Kamira"
"S","04","Kikyusa","Luweero","Bamunanika County","Kikyusa"
"S","05","Zirobwe","Luweero","Bamunanika County","Zirobwe"
"D","24","Masaka","Masaka","",""
"C","114","Bukoto East County","Masaka","Bukoto East County",""
"S","01","Bukakata","Masaka","Bukoto East County","Bukakata"
"S","02","Buwunga","Masaka","Bukoto East County","Buwunga"
"S","03","Mukungwe","Masaka","Bukoto East County","Mukungwe"
"C","116","Bukoto County Central","Masaka","Bukoto County Central",""
"S","01","Kabonera","Masaka","Bukoto County Central","Kabonera"
"S","02","Kyanamukaka","Masaka","Bukoto County Central","Kyanamukaka"
"S","03","Kyesiiga","Masaka","Bukoto County Central","Kyesiiga"
"C","121","Masaka Municipality","Masaka","Masaka Municipality",""
"S","01","Katwe/Butego","Masaka","Masaka Municipality","Katwe/Butego"
"S","02","Kimaanya/Kyabakuza","Masaka","Masaka Municipality","Kimaanya/Kyabakuza"
"S","03","Nyendo/Senyange","Masaka","Masaka Municipality","Nyendo/Senyange"
"D","25","Masindi","Masindi","",""
"C","122","Bujenje County","Masindi","Bujenje County",""
"S","01","Budongo","Masindi","Bujenje County","Budongo"
"S","02","Bwijanga","Masindi","Bujenje County","Bwijanga"
"C","124","Buruli County","Masindi","Buruli County",""
"S","02","Kimengo","Masindi","Buruli County","Kimengo"
"S","04","Miirya","Masindi","Buruli County","Miirya"
"S","06","Pakanyi","Masindi","Buruli County","Pakanyi"
"C","230","Masindi Municipality","Masindi","Masindi Municipality",""
"S","01","Karujubu Division","Masindi","Masindi Municipality","Karujubu Division"
"S","02","Nyangahya Division","Masindi","Masindi Municipality","Nyangahya Division"
"S","03","Central Division","Masindi","Masindi Municipality","Central Division"
"S","04","Kigulya Division","Masindi","Masindi Municipality","Kigulya Division"
"D","26","Mbale","Mbale","",""
"C","131","Bungokho County North","Mbale","Bungokho County North",""
"S","01","Bufumbo","Mbale","Bungokho County North","Bufumbo"
"S","02","Bukonde","Mbale","Bungokho County North","Bukonde"
"S","03","Nakaloke","Mbale","Bungokho County North","Nakaloke"
"S","04","Namanyonyi","Mbale","Bungokho County North","Namanyonyi"
"S","05","Wanale","Mbale","Bungokho County North","Wanale"
"S","06","Bubyangu","Mbale","Bungokho County North","Bubyangu"
"S","07","Budwale","Mbale","Bungokho County North","Budwale"
"S","08","Lwasso","Mbale","Bungokho County North","Lwasso"
"C","132","Bungokho County South","Mbale","Bungokho County South",""
"S","01","Bukhiende","Mbale","Bungokho County South","Bukhiende"
"S","02","Bungokho","Mbale","Bungokho County South","Bungokho"
"S","03","Busano","Mbale","Bungokho County South","Busano"
"S","04","Busiu","Mbale","Bungokho County South","Busiu"
"S","05","Busoba","Mbale","Bungokho County South","Busoba"
"S","06","Nambale","Mbale","Bungokho County South","Nambale"
"S","07","Bukasakya","Mbale","Bungokho County South","Bukasakya"
"S","08","Bumasikye","Mbale","Bungokho County South","Bumasikye"
"S","09","Lukhonge","Mbale","Bungokho County South","Lukhonge"
"S","10","Nyondo","Mbale","Bungokho County South","Nyondo"
"S","11","Bumbobi","Mbale","Bungokho County South","Bumbobi"
"C","134","Mbale Municipality","Mbale","Mbale Municipality",""
"S","01","Industrial Borough","Mbale","Mbale Municipality","Industrial Borough"
"S","02","Northern Borough","Mbale","Mbale Municipality","Northern Borough"
"S","03","Wanale Borough","Mbale","Mbale Municipality","Wanale Borough"
"D","27","Mbarara","Mbarara","",""
"C","140","Kashari County","Mbarara","Kashari County",""
"S","01","Bubaare","Mbarara","Kashari County","Bubaare"
"S","02","Bukiiro","Mbarara","Kashari County","Bukiiro"
"S","03","Kagongi","Mbarara","Kashari County","Kagongi"
"S","04","Kakiika","Mbarara","Kashari County","Kakiika"
"S","05","Kashare","Mbarara","Kashari County","Kashare"
"S","06","Rubaya","Mbarara","Kashari County","Rubaya"
"S","07","Rubindi","Mbarara","Kashari County","Rubindi"
"S","08","Rwanyamahembe","Mbarara","Kashari County","Rwanyamahembe"
"S","09","Biharwe","Mbarara","Kashari County","Biharwe"
"C","143","Rwampara County","Mbarara","Rwampara County",""
"S","01","Bugamba","Mbarara","Rwampara County","Bugamba"
"S","03","Mwizi","Mbarara","Rwampara County","Mwizi"
"S","04","Ndeija","Mbarara","Rwampara County","Ndeija"
"S","05","Nyakayojo","Mbarara","Rwampara County","Nyakayojo"
"S","06","Rugando","Mbarara","Rwampara County","Rugando"
"C","144","Mbarara Municipality","Mbarara","Mbarara Municipality",""
"S","01","Kakoba","Mbarara","Mbarara Municipality","Kakoba"
"S","02","Kamukuzi","Mbarara","Mbarara Municipality","Kamukuzi"
"S","03","Nyamitanga","Mbarara","Mbarara Municipality","Nyamitanga"
"D","28","Moroto","Moroto","",""
"C","147","Matheniko County","Moroto","Matheniko County",""
"S","01","Katikekile","Moroto","Matheniko County","Katikekile"
"S","02","Nadunget","Moroto","Matheniko County","Nadunget"
"S","03","Rupa","Moroto","Matheniko County","Rupa"
"S","04","Tapac","Moroto","Matheniko County","Tapac"
"C","150","Moroto Municipality","Moroto","Moroto Municipality",""
"S","01","North Division","Moroto","Moroto Municipality","North Division"
"S","02","South Division","Moroto","Moroto Municipality","South Division"
"D","29","Moyo","Moyo","",""
"C","152","Obongi County","Moyo","Obongi County",""
"S","01","Aliba","Moyo","Obongi County","Aliba"
"S","02","Gimara","Moyo","Obongi County","Gimara"
"S","03","Itula","Moyo","Obongi County","Itula"
"C","153","West Moyo County","Moyo","West Moyo County",""
"S","01","Dufile","Moyo","West Moyo County","Dufile"
"S","02","Lefori","Moyo","West Moyo County","Lefori"
"S","03","Metu","Moyo","West Moyo County","Metu"
"S","04","Moyo","Moyo","West Moyo County","Moyo"
"S","05","Moyo Town Council","Moyo","West Moyo County","Moyo Town Council"
"S","06","Laropi","Moyo","West Moyo County","Laropi"
"D","30","Mpigi","Mpigi","",""
"C","162","Mawokota County North","Mpigi","Mawokota County North",""
"S","01","Kammengo","Mpigi","Mawokota County North","Kammengo"
"S","02","Kiringente","Mpigi","Mawokota County North","Kiringente"
"S","04","Mpigi Town Council","Mpigi","Mawokota County North","Mpigi Town Council"
"S","05","Muduma","Mpigi","Mawokota County North","Muduma"
"C","163","Mawokota County South","Mpigi","Mawokota County South",""
"S","01","Buwama","Mpigi","Mawokota County South","Buwama"
"S","02","Kituntu","Mpigi","Mawokota County South","Kituntu"
"S","03","Nkozi","Mpigi","Mawokota County South","Nkozi"
"D","31","Mubende","Mubende","",""
"C","166","Buwekula County","Mubende","Buwekula County",""
"S","02","Butoloogo","Mubende","Buwekula County","Butoloogo"
"S","04","Kitenga","Mubende","Buwekula County","Kitenga"
"S","05","Kiyuni","Mubende","Buwekula County","Kiyuni"
"S","06","Madudu","Mubende","Buwekula County","Madudu"
"S","07","Mubende Town Council","Mubende","Buwekula County","Mubende Town Council"
"C","167","Kassanda County North","Mubende","Kassanda County North",""
"S","01","Bukuya","Mubende","Kassanda County North","Bukuya"
"S","02","Kassanda","Mubende","Kassanda County North","Kassanda"
"S","03","Kalwana","Mubende","Kassanda County North","Kalwana"
"S","04","Kitumbi","Mubende","Kassanda County North","Kitumbi"
"S","05","Makokoto","Mubende","Kassanda County North","Makokoto"
"C","168","Kassanda County South","Mubende","Kassanda County South",""
"S","01","Kiganda","Mubende","Kassanda County South","Kiganda"
"S","02","Myanzi","Mubende","Kassanda County South","Myanzi"
"S","03","Manyogaseka","Mubende","Kassanda County South","Manyogaseka"
"S","04","Nalutuntu","Mubende","Kassanda County South","Nalutuntu"
"C","221","Kasambya County","Mubende","Kasambya County",""
"S","01","Bagezza","Mubende","Kasambya County","Bagezza"
"S","02","Kibalinga","Mubende","Kasambya County","Kibalinga"
"S","03","Kasambya","Mubende","Kasambya County","Kasambya"
"S","08","Kigando","Mubende","Kasambya County","Kigando"
"S","09","Nabingoola","Mubende","Kasambya County","Nabingoola"
"D","32","Mukono","Mukono","",""
"C","176","Mukono County North","Mukono","Mukono County North",""
"S","02","Kyampisi","Mukono","Mukono County North","Kyampisi"
"S","04","Nama","Mukono","Mukono County North","Nama"
"C","177","Mukono County South","Mukono","Mukono County South",""
"S","01","Koome Islands","Mukono","Mukono County South","Koome Islands"
"S","02","Nakisunga","Mukono","Mukono County South","Nakisunga"
"S","03","Ntenjeru","Mukono","Mukono County South","Ntenjeru"
"S","04","Mpunge","Mukono","Mukono County South","Mpunge"
"S","05","Mpatta","Mukono","Mukono County South","Mpatta"
"C","178","Nakifuma County","Mukono","Nakifuma County",""
"S","01","Kasawo","Mukono","Nakifuma County","Kasawo"
"S","02","Kimenyedde","Mukono","Nakifuma County","Kimenyedde"
"S","03","Nabbale","Mukono","Nakifuma County","Nabbale"
"S","04","Nagojje","Mukono","Nakifuma County","Nagojje"
"S","05","Namuganga","Mukono","Nakifuma County","Namuganga"
"S","06","Ntunda","Mukono","Nakifuma County","Ntunda"
"C","231","Mukono Municipality","Mukono","Mukono Municipality",""
"S","01","Goma Division","Mukono","Mukono Municipality","Goma Division"
"S","03","Mukono Division","Mukono","Mukono Municipality","Mukono Division"
"D","33","Nebbi","Nebbi","",""
"C","181","Jonam County","Nebbi","Jonam County",""
"S","01","Pakwach","Nebbi","Jonam County","Pakwach"
"S","02","Pakwach Town Council","Nebbi","Jonam County","Pakwach Town Council"
"S","03","Panyango","Nebbi","Jonam County","Panyango"
"S","04","Panyimur","Nebbi","Jonam County","Panyimur"
"S","05","Wadelai","Nebbi","Jonam County","Wadelai"
"S","06","Alwi","Nebbi","Jonam County","Alwi"
"C","183","Padyere County","Nebbi","Padyere County",""
"S","01","Akworo","Nebbi","Padyere County","Akworo"
"S","02","Erussi","Nebbi","Padyere County","Erussi"
"S","03","Kucwiny","Nebbi","Padyere County","Kucwiny"
"S","04","Nebbi","Nebbi","Padyere County","Nebbi"
"S","05","Nebbi Town Council","Nebbi","Padyere County","Nebbi Town Council"
"S","06","Nyaravur","Nebbi","Padyere County","Nyaravur"
"S","07","Parombo","Nebbi","Padyere County","Parombo"
"S","08","Atego","Nebbi","Padyere County","Atego"
"S","09","Ndhew","Nebbi","Padyere County","Ndhew"
"D","34","Ntungamo","Ntungamo","",""
"C","184","Kajara County","Ntungamo","Kajara County",""
"S","01","Bwongera","Ntungamo","Kajara County","Bwongera"
"S","02","Ihunga","Ntungamo","Kajara County","Ihunga"
"S","03","Kibatsi","Ntungamo","Kajara County","Kibatsi"
"S","04","Nyabihoko","Ntungamo","Kajara County","Nyabihoko"
"C","185","Ruhaama County","Ntungamo","Ruhaama County",""
"S","01","Ntungamo","Ntungamo","Ruhaama County","Ntungamo"
"S","03","Nyakyera","Ntungamo","Ruhaama County","Nyakyera"
"S","04","Ruhaama","Ntungamo","Ruhaama County","Ruhaama"
"S","05","Rukoni West","Ntungamo","Ruhaama County","Rukoni West"
"S","06","Rweikiniro","Ntungamo","Ruhaama County","Rweikiniro"
"S","07","Itojo","Ntungamo","Ruhaama County","Itojo"
"S","08","Rukoni East","Ntungamo","Ruhaama County","Rukoni East"
"C","186","Rushenyi County","Ntungamo","Rushenyi County",""
"S","01","Kayonza","Ntungamo","Rushenyi County","Kayonza"
"S","02","Ngoma","Ntungamo","Rushenyi County","Ngoma"
"S","03","Rubaare","Ntungamo","Rushenyi County","Rubaare"
"S","04","Rugarama","Ntungamo","Rushenyi County","Rugarama"
"C","232","Ntungamo Municipality","Ntungamo","Ntungamo Municipality",""
"S","01","Eastern Division","Ntungamo","Ntungamo Municipality","Eastern Division"
"S","02","Central Division","Ntungamo","Ntungamo Municipality","Central Division"
"S","03","Western Division","Ntungamo","Ntungamo Municipality","Western Division"
"D","35","Pallisa","Pallisa","",""
"C","188","Butebo County","Pallisa","Butebo County",""
"S","01","Butebo","Pallisa","Butebo County","Butebo"
"S","02","Kabwangasi","Pallisa","Butebo County","Kabwangasi"
"S","03","Kakoro","Pallisa","Butebo County","Kakoro"
"S","04","Kibale","Pallisa","Butebo County","Kibale"
"S","05","Petete","Pallisa","Butebo County","Petete"
"S","06","Kanginima","Pallisa","Butebo County","Kanginima"
"S","07","Opwateta","Pallisa","Butebo County","Opwateta"
"C","190","Pallisa County","Pallisa","Pallisa County",""
"S","05","Kasodo","Pallisa","Pallisa County","Kasodo"
"S","06","Pallisa","Pallisa","Pallisa County","Pallisa"
"S","07","Pallisa Town Council","Pallisa","Pallisa County","Pallisa Town Council"
"S","08","Puti-Puti","Pallisa","Pallisa County","Puti-Puti"
"S","09","Kamuge","Pallisa","Pallisa County","Kamuge"
"S","12","Olok","Pallisa","Pallisa County","Olok"
"C","234","Agule County","Pallisa","Agule County",""
"S","01","Agule","Pallisa","Agule County","Agule"
"S","02","Apopong","Pallisa","Agule County","Apopong"
"S","03","Gogonyo","Pallisa","Agule County","Gogonyo"
"S","04","Kameke","Pallisa","Agule County","Kameke"
"S","10","Akisim","Pallisa","Agule County","Akisim"
"S","11","Chelekura","Pallisa","Agule County","Chelekura"
"D","36","Rakai","Rakai","",""
"C","192","Kakuuto County","Rakai","Kakuuto County",""
"S","01","Kakuuto","Rakai","Kakuuto County","Kakuuto"
"S","02","Kasasa","Rakai","Kakuuto County","Kasasa"
"S","03","Kibanda","Rakai","Kakuuto County","Kibanda"
"S","04","Kifamba","Rakai","Kakuuto County","Kifamba"
"S","05","Kyebe","Rakai","Kakuuto County","Kyebe"
"C","193","Kooki County","Rakai","Kooki County",""
"S","01","Byakabanda","Rakai","Kooki County","Byakabanda"
"S","02","Ddwaniro","Rakai","Kooki County","Ddwaniro"
"S","03","Kacheera","Rakai","Kooki County","Kacheera"
"S","04","Kagamba (Buyamba)","Rakai","Kooki County","Kagamba (Buyamba)"
"S","05","Kyalulangira","Rakai","Kooki County","Kyalulangira"
"S","06","Lwamaggwa","Rakai","Kooki County","Lwamaggwa"
"S","07","Lwanda","Rakai","Kooki County","Lwanda"
"S","08","Rakai Town Council","Rakai","Kooki County","Rakai Town Council"
"S","09","Kiziba","Rakai","Kooki County","Kiziba"
"C","194","Kyotera County","Rakai","Kyotera County",""
"S","01","Kabira","Rakai","Kyotera County","Kabira"
"S","02","Kalisizo","Rakai","Kyotera County","Kalisizo"
"S","03","Kasaali","Rakai","Kyotera County","Kasaali"
"S","04","Kirumba","Rakai","Kyotera County","Kirumba"
"S","05","Kyotera Town Council","Rakai","Kyotera County","Kyotera Town Council"
"S","06","Lwankoni","Rakai","Kyotera County","Lwankoni"
"S","07","Nabigasa","Rakai","Kyotera County","Nabigasa"
"S","08","Kalisizo Town Council","Rakai","Kyotera County","Kalisizo Town Council"
"D","37","Rukungiri","Rukungiri","",""
"C","197","Rubabo County","Rukungiri","Rubabo County",""
"S","01","Buyanja","Rukungiri","Rubabo County","Buyanja"
"S","02","Kebisoni","Rukungiri","Rubabo County","Kebisoni"
"S","03","Nyakishenyi","Rukungiri","Rubabo County","Nyakishenyi"
"S","04","Nyarushanje","Rukungiri","Rubabo County","Nyarushanje"
"C","198","Rujumbura County","Rukungiri","Rujumbura County",""
"S","01","Bugangari","Rukungiri","Rujumbura County","Bugangari"
"S","02","Buhunga","Rukungiri","Rujumbura County","Buhunga"
"S","03","Bwambara","Rukungiri","Rujumbura County","Bwambara"
"S","05","Nyakagyeme","Rukungiri","Rujumbura County","Nyakagyeme"
"S","06","Ruhinda","Rukungiri","Rujumbura County","Ruhinda"
"C","233","Rukungiri Municipality","Rukungiri","Rukungiri Municipality",""
"S","01","Eastern Division","Rukungiri","Rukungiri Municipality","Eastern Division"
"S","02","Southern Division","Rukungiri","Rukungiri Municipality","Southern Division"
"S","03","Western Division","Rukungiri","Rukungiri Municipality","Western Division"
"D","38","Soroti","Soroti","",""
"C","205","Soroti County","Soroti","Soroti County",""
"S","01","Arapai","Soroti","Soroti County","Arapai"
"S","02","Asuret","Soroti","Soroti County","Asuret"
"S","03","Gweri","Soroti","Soroti County","Gweri"
"S","04","Kamuda","Soroti","Soroti County","Kamuda"
"S","05","Katine","Soroti","Soroti County","Katine"
"S","06","Soroti","Soroti","Soroti County","Soroti"
"S","07","Tubur","Soroti","Soroti County","Tubur"
"C","207","Soroti Municipality","Soroti","Soroti Municipality",""
"S","01","Eastern","Soroti","Soroti Municipality","Eastern"
"S","02","Northern","Soroti","Soroti Municipality","Northern"
"S","03","Western","Soroti","Soroti Municipality","Western"
"D","39","Tororo","Tororo","",""
"C","209","West Budama County North","Tororo","West Budama County North",""
"S","01","Kirewa","Tororo","West Budama County North","Kirewa"
"S","02","Kisoko","Tororo","West Budama County North","Kisoko"
"S","03","Nagongera","Tororo","West Budama County North","Nagongera"
"S","04","Paya","Tororo","West Budama County North","Paya"
"S","05","Petta","Tororo","West Budama County North","Petta"
"S","06","Nagongera Town Council","Tororo","West Budama County North","Nagongera Town Council"
"S","07","Sopsop","Tororo","West Budama County North","Sopsop"
"C","210","West Budama County South","Tororo","West Budama County South",""
"S","01","Iyolwa","Tororo","West Budama County South","Iyolwa"
"S","02","Mulanda","Tororo","West Budama County South","Mulanda"
"S","03","Nabuyoga","Tororo","West Budama County South","Nabuyoga"
"S","04","Rubongi","Tororo","West Budama County South","Rubongi"
"S","05","Magola","Tororo","West Budama County South","Magola"
"C","213","Tororo County","Tororo","Tororo County",""
"S","01","Kwapa","Tororo","Tororo County","Kwapa"
"S","02","Molo","Tororo","Tororo County","Molo"
"S","03","Mukuju","Tororo","Tororo County","Mukuju"
"S","04","Osukuru","Tororo","Tororo County","Osukuru"
"S","05","Mella","Tororo","Tororo County","Mella"
"S","06","Merikit","Tororo","Tororo County","Merikit"
"S","07","Malaba Town Council","Tororo","Tororo County","Malaba Town Council"
"C","214","Tororo Municipality","Tororo","Tororo Municipality",""
"S","01","Tororo Eastern","Tororo","Tororo Municipality","Tororo Eastern"
"S","02","Tororo Western","Tororo","Tororo Municipality","Tororo Western"
"D","40","Adjumani","Adjumani","",""
"C","151","East Moyo County","Adjumani","East Moyo County",""
"S","01","Adjumani Town Council","Adjumani","East Moyo County","Adjumani Town Council"
"S","02","Adropi","Adjumani","East Moyo County","Adropi"
"S","03","Ciforo","Adjumani","East Moyo County","Ciforo"
"S","04","Dzaipi","Adjumani","East Moyo County","Dzaipi"
"S","05","Ofua","Adjumani","East Moyo County","Ofua"
"S","06","Pakele","Adjumani","East Moyo County","Pakele"
"S","07","Arinyapi","Adjumani","East Moyo County","Arinyapi"
"S","08","Itirikwa","Adjumani","East Moyo County","Itirikwa"
"S","09","Pachara","Adjumani","East Moyo County","Pachara"
"S","10","Ukusijoni","Adjumani","East Moyo County","Ukusijoni"
"D","41","Bugiri","Bugiri","",""
"C","031","Bukooli County Central","Bugiri","Bukooli County Central",""
"S","01","Bulesa","Bugiri","Bukooli County Central","Bulesa"
"S","02","Buwunga","Bugiri","Bukooli County Central","Buwunga"
"S","03","Muterere","Bugiri","Bukooli County Central","Muterere"
"S","04","Nankoma","Bugiri","Bukooli County Central","Nankoma"
"S","05","Budhaya","Bugiri","Bukooli County Central","Budhaya"
"S","06","Bulidha","Bugiri","Bukooli County Central","Bulidha"
"C","032","Bukooli County North","Bugiri","Bukooli County North",""
"S","01","Bugiri Town Council","Bugiri","Bukooli County North","Bugiri Town Council"
"S","02","Buluguyi","Bugiri","Bukooli County North","Buluguyi"
"S","03","Iwemba","Bugiri","Bukooli County North","Iwemba"
"S","04","Kapyanga","Bugiri","Bukooli County North","Kapyanga"
"S","05","Nabukalu","Bugiri","Bukooli County North","Nabukalu"
"D","42","Busia","Busia","",""
"C","211","Samia Bugwe County North","Busia","Samia Bugwe County North",""
"S","01","Bulumbi","Busia","Samia Bugwe County North","Bulumbi"
"S","03","Busitema","Busia","Samia Bugwe County North","Busitema"
"S","04","Buteba","Busia","Samia Bugwe County North","Buteba"
"S","05","Dabani","Busia","Samia Bugwe County North","Dabani"
"S","06","Buyanga","Busia","Samia Bugwe County North","Buyanga"
"S","07","Sikuda","Busia","Samia Bugwe County North","Sikuda"
"C","212","Samia Bugwe County South","Busia","Samia Bugwe County South",""
"S","01","Buhehe","Busia","Samia Bugwe County South","Buhehe"
"S","02","Lumino","Busia","Samia Bugwe County South","Lumino"
"S","03","Lunyo","Busia","Samia Bugwe County South","Lunyo"
"S","04","Masaba","Busia","Samia Bugwe County South","Masaba"
"S","05","Masafu","Busia","Samia Bugwe County South","Masafu"
"S","06","Busime","Busia","Samia Bugwe County South","Busime"
"S","07","Masinya","Busia","Samia Bugwe County South","Masinya"
"S","08","Majanji","Busia","Samia Bugwe County South","Majanji"
"C","226","Busia Municipality","Busia","Busia Municipality",""
"S","01","Eastern Division","Busia","Busia Municipality","Eastern Division"
"S","02","Western Division","Busia","Busia Municipality","Western Division"
"D","43","Katakwi","Katakwi","",""
"C","206","Usuk County","Katakwi","Usuk County",""
"S","02","Katakwi","Katakwi","Usuk County","Katakwi"
"S","03","Katakwi Town Council","Katakwi","Usuk County","Katakwi Town Council"
"S","05","Ngariam","Katakwi","Usuk County","Ngariam"
"S","07","Usuk","Katakwi","Usuk County","Usuk"
"S","09","Ongongoja","Katakwi","Usuk County","Ongongoja"
"S","10","Palam","Katakwi","Usuk County","Palam"
"C","224","Toroma County","Katakwi","Toroma County",""
"S","01","Kapujan","Katakwi","Toroma County","Kapujan"
"S","04","Magoro","Katakwi","Toroma County","Magoro"
"S","06","Toroma","Katakwi","Toroma County","Toroma"
"S","08","Omodoi","Katakwi","Toroma County","Omodoi"
"D","44","Nakasongola","Nakasongola","",""
"C","106","Nakasongola County","Nakasongola","Nakasongola County",""
"S","01","Kakooge","Nakasongola","Nakasongola County","Kakooge"
"S","02","Kalungi","Nakasongola","Nakasongola County","Kalungi"
"S","05","Wabinyonyi","Nakasongola","Nakasongola County","Wabinyonyi"
"S","06","Nakasongola Town Council","Nakasongola","Nakasongola County","Nakasongola Town Council"
"S","07","Kalongo","Nakasongola","Nakasongola County","Kalongo"
"C","218","Budyebo County","Nakasongola","Budyebo County",""
"S","03","Lwampanga","Nakasongola","Budyebo County","Lwampanga"
"S","04","Nabiswera","Nakasongola","Budyebo County","Nabiswera"
"S","08","Rwabyata","Nakasongola","Budyebo County","Rwabyata"
"S","09","Nakitoma","Nakasongola","Budyebo County","Nakitoma"
"D","45","Ssembabule","Ssembabule","",""
"C","119","Lwemiyaga County","Ssembabule","Lwemiyaga County",""
"S","01","Lwemiyaga","Ssembabule","Lwemiyaga County","Lwemiyaga"
"S","02","Ntuusi","Ssembabule","Lwemiyaga County","Ntuusi"
"C","120","Mawogola County","Ssembabule","Mawogola County",""
"S","01","Lugusulu","Ssembabule","Mawogola County","Lugusulu"
"S","02","Lwebitakuli","Ssembabule","Mawogola County","Lwebitakuli"
"S","03","Mateete","Ssembabule","Mawogola County","Mateete"
"S","04","Mijwala","Ssembabule","Mawogola County","Mijwala"
"S","05","Ssembabule Town Council","Ssembabule","Mawogola County","Ssembabule Town Council"
"S","06","Mateete Town Council","Ssembabule","Mawogola County","Mateete Town Council"
"D","46","Kamwenge","Kamwenge","",""
"C","053","Kibale County","Kamwenge","Kibale County",""
"S","01","Bwizi","Kamwenge","Kibale County","Bwizi"
"S","02","Kahunge","Kamwenge","Kibale County","Kahunge"
"S","03","Kamwenge","Kamwenge","Kibale County","Kamwenge"
"S","04","Nkoma","Kamwenge","Kibale County","Nkoma"
"S","05","Kamwenge Town Council","Kamwenge","Kibale County","Kamwenge Town Council"
"S","06","Busiriba","Kamwenge","Kibale County","Busiriba"
"S","07","Kabambiro","Kamwenge","Kibale County","Kabambiro"
"S","08","Biguli","Kamwenge","Kibale County","Biguli"
"C","054","Kitagwenda County","Kamwenge","Kitagwenda County",""
"S","01","Kicheche","Kamwenge","Kitagwenda County","Kicheche"
"S","02","Mahyoro","Kamwenge","Kitagwenda County","Mahyoro"
"S","03","Ntara","Kamwenge","Kitagwenda County","Ntara"
"S","04","Nyabbani","Kamwenge","Kitagwenda County","Nyabbani"
"S","05","Buhanda","Kamwenge","Kitagwenda County","Buhanda"
"S","06","Kanara","Kamwenge","Kitagwenda County","Kanara"
"D","47","Kayunga","Kayunga","",""
"C","171","Bbale County","Kayunga","Bbale County",""
"S","01","Bbaale","Kayunga","Bbale County","Bbaale"
"S","02","Galiraya","Kayunga","Bbale County","Galiraya"
"S","03","Kayonza","Kayunga","Bbale County","Kayonza"
"S","04","Kitimbwa","Kayunga","Bbale County","Kitimbwa"
"C","179","Ntenjeru County North","Kayunga","Ntenjeru County North",""
"S","01","Busaana","Kayunga","Ntenjeru County North","Busaana"
"S","02","Kayunga","Kayunga","Ntenjeru County North","Kayunga"
"S","03","Kayunga Town Council","Kayunga","Ntenjeru County North","Kayunga Town Council"
"C","180","Ntenjeru County South","Kayunga","Ntenjeru County South",""
"S","01","Kangulumira","Kayunga","Ntenjeru County South","Kangulumira"
"S","02","Nazigo","Kayunga","Ntenjeru County South","Nazigo"
"D","48","Kyenjojo","Kyenjojo","",""
"C","056","Mwenge County North","Kyenjojo","Mwenge County North",""
"S","01","Bufunjo","Kyenjojo","Mwenge County North","Bufunjo"
"S","02","Bugaaki","Kyenjojo","Mwenge County North","Bugaaki"
"S","03","Katooke","Kyenjojo","Mwenge County North","Katooke"
"S","04","Kyarusozi","Kyenjojo","Mwenge County North","Kyarusozi"
"S","05","Nyankwanzi","Kyenjojo","Mwenge County North","Nyankwanzi"
"S","06","Katooke Town Council","Kyenjojo","Mwenge County North","Katooke Town Council"
"S","07","Kyarusozi Town Council","Kyenjojo","Mwenge County North","Kyarusozi Town Council"
"C","057","Mwenge County South","Kyenjojo","Mwenge County South",""
"S","01","Butiiti","Kyenjojo","Mwenge County South","Butiiti"
"S","02","Kihuura","Kyenjojo","Mwenge County South","Kihuura"
"S","03","Nyantungo","Kyenjojo","Mwenge County South","Nyantungo"
"S","04","Kyenjojo Town Council","Kyenjojo","Mwenge County South","Kyenjojo Town Council"
"S","05","Butunduzi","Kyenjojo","Mwenge County South","Butunduzi"
"S","06","Kigaraale","Kyenjojo","Mwenge County South","Kigaraale"
"S","07","Kisojo","Kyenjojo","Mwenge County South","Kisojo"
"S","08","Nyabuharwa","Kyenjojo","Mwenge County South","Nyabuharwa"
"S","09","Butunduzi Town Council","Kyenjojo","Mwenge County South","Butunduzi Town Council"
"D","49","Mayuge","Mayuge","",""
"C","034","Bunya County East","Mayuge","Bunya County East",""
"S","01","Buwaaya","Mayuge","Bunya County East","Buwaaya"
"S","02","Kigandalo","Mayuge","Bunya County East","Kigandalo"
"S","03","Bukabooli","Mayuge","Bunya County East","Bukabooli"
"S","04","Mpungwe","Mayuge","Bunya County East","Mpungwe"
"C","035","Bunya County South","Mayuge","Bunya County South",""
"S","01","Kityerera","Mayuge","Bunya County South","Kityerera"
"S","02","Malongo","Mayuge","Bunya County South","Malongo"
"S","03","Jaguzi","Mayuge","Bunya County South","Jaguzi"
"S","04","Busakira","Mayuge","Bunya County South","Busakira"
"C","036","Bunya County West","Mayuge","Bunya County West",""
"S","01","Baitambogwe","Mayuge","Bunya County West","Baitambogwe"
"S","02","Imanyiro","Mayuge","Bunya County West","Imanyiro"
"S","03","Mayuge Town Council","Mayuge","Bunya County West","Mayuge Town Council"
"S","04","Bukatube","Mayuge","Bunya County West","Bukatube"
"S","05","Wairasa","Mayuge","Bunya County West","Wairasa"
"D","50","Pader","Pader","",""
"C","090","Aruu County","Pader","Aruu County",""
"S","01","Acholi-Bur","Pader","Aruu County","Acholi-Bur"
"S","02","Atanga","Pader","Aruu County","Atanga"
"S","03","Awere","Pader","Aruu County","Awere"
"S","04","Pader","Pader","Aruu County","Pader"
"S","05","Pajule","Pader","Aruu County","Pajule"
"S","06","Laguti","Pader","Aruu County","Laguti"
"S","07","Puranga","Pader","Aruu County","Puranga"
"S","08","Pader Town Council","Pader","Aruu County","Pader Town Council"
"S","09","Lapul","Pader","Aruu County","Lapul"
"S","10","Angagura","Pader","Aruu County","Angagura"
"S","11","Latanya","Pader","Aruu County","Latanya"
"S","12","Ogom","Pader","Aruu County","Ogom"
"D","51","Sironko","Sironko","",""
"C","128","Budadiri County East","Sironko","Budadiri County East",""
"S","01","Buhugu","Sironko","Budadiri County East","Buhugu"
"S","02","Bumasifwa","Sironko","Budadiri County East","Bumasifwa"
"S","03","Busulani","Sironko","Budadiri County East","Busulani"
"S","04","Butandiga","Sironko","Budadiri County East","Butandiga"
"S","05","Zesui","Sironko","Budadiri County East","Zesui"
"S","06","Bugitimwa","Sironko","Budadiri County East","Bugitimwa"
"S","07","Bukyabo","Sironko","Budadiri County East","Bukyabo"
"S","08","Masaba","Sironko","Budadiri County East","Masaba"
"S","09","Budadiri Town Council","Sironko","Budadiri County East","Budadiri Town Council"
"S","10","Bukiise","Sironko","Budadiri County East","Bukiise"
"S","11","Bukyambi","Sironko","Budadiri County East","Bukyambi"
"S","12","Bumalimba","Sironko","Budadiri County East","Bumalimba"
"C","129","Budadiri County West","Sironko","Budadiri County West",""
"S","01","Buwalasi","Sironko","Budadiri County West","Buwalasi"
"S","02","Buyobo","Sironko","Budadiri County West","Buyobo"
"S","03","Buteza","Sironko","Budadiri County West","Buteza"
"S","04","Bukhulo","Sironko","Budadiri County West","Bukhulo"
"S","05","Sironko Town Council","Sironko","Budadiri County West","Sironko Town Council"
"S","06","Bukiyi","Sironko","Budadiri County West","Bukiyi"
"S","07","Bunyafwa","Sironko","Budadiri County West","Bunyafwa"
"S","08","Buwasa","Sironko","Budadiri County West","Buwasa"
"S","09","Nalusala","Sironko","Budadiri County West","Nalusala"
"D","52","Wakiso","Wakiso","",""
"C","154","Busiro County East","Wakiso","Busiro County East",""
"S","01","Nsangi(Mukono)","Wakiso","Busiro County East","Nsangi(Mukono)"
"S","02","Wakiso","Wakiso","Busiro County East","Wakiso"
"S","03","Wakiso Town Council","Wakiso","Busiro County East","Wakiso Town Council"
"S","04","Mende","Wakiso","Busiro County East","Mende"
"C","155","Busiro County North","Wakiso","Busiro County North",""
"S","01","Kakiri","Wakiso","Busiro County North","Kakiri"
"S","02","Kiziba (Masuliita)","Wakiso","Busiro County North","Kiziba (Masuliita)"
"S","03","Namayumba","Wakiso","Busiro County North","Namayumba"
"S","04","Kakiri Town Council","Wakiso","Busiro County North","Kakiri Town Council"
"C","156","Busiro County South","Wakiso","Busiro County South",""
"S","01","Kasanje","Wakiso","Busiro County South","Kasanje"
"S","02","Katabi","Wakiso","Busiro County South","Katabi"
"S","03","Ssisa","Wakiso","Busiro County South","Ssisa"
"S","04","Bussi","Wakiso","Busiro County South","Bussi"
"C","159","Kyadondo County East","Wakiso","Kyadondo County East",""
"S","01","Kira Town Council","Wakiso","Kyadondo County East","Kira Town Council"
"S","02","Nangabo","Wakiso","Kyadondo County East","Nangabo"
"C","160","Kyadondo County North","Wakiso","Kyadondo County North",""
"S","01","Gombe","Wakiso","Kyadondo County North","Gombe"
"S","02","Kyambogo/Busukuma","Wakiso","Kyadondo County North","Kyambogo/Busukuma"
"S","03","Nabweru","Wakiso","Kyadondo County North","Nabweru"
"S","04","Nansana Town Council","Wakiso","Kyadondo County North","Nansana Town Council"
"C","161","Kyadondo County South","Wakiso","Kyadondo County South",""
"S","01","Makindye","Wakiso","Kyadondo County South","Makindye"
"C","164","Entebbe Municipality","Wakiso","Entebbe Municipality",""
"S","01","Division A","Wakiso","Entebbe Municipality","Division A"
"S","02","Division B","Wakiso","Entebbe Municipality","Division B"
"D","53","Yumbe","Yumbe","",""
"C","006","Aringa County","Yumbe","Aringa County",""
"S","01","Drajini/Arajim","Yumbe","Aringa County","Drajini/Arajim"
"S","02","Kei","Yumbe","Aringa County","Kei"
"S","03","Kuru","Yumbe","Aringa County","Kuru"
"S","04","Odravu","Yumbe","Aringa County","Odravu"
"S","05","Romogi","Yumbe","Aringa County","Romogi"
"S","06","Midigo","Yumbe","Aringa County","Midigo"
"S","07","Yumbe Town Council","Yumbe","Aringa County","Yumbe Town Council"
"S","08","Apo","Yumbe","Aringa County","Apo"
"S","09","Kululu","Yumbe","Aringa County","Kululu"
"S","10","Lodonga","Yumbe","Aringa County","Lodonga"
"S","11","Ariwa","Yumbe","Aringa County","Ariwa"
"S","12","Kerwa","Yumbe","Aringa County","Kerwa"
"S","13","Kochi","Yumbe","Aringa County","Kochi"
"D","54","Kaberamaido","Kaberamaido","",""
"C","200","Kaberamaido County","Kaberamaido","Kaberamaido County",""
"S","01","Alwa","Kaberamaido","Kaberamaido County","Alwa"
"S","02","Kaberamaido","Kaberamaido","Kaberamaido County","Kaberamaido"
"S","03","Kobulubulu","Kaberamaido","Kaberamaido County","Kobulubulu"
"S","04","Ochero","Kaberamaido","Kaberamaido County","Ochero"
"S","05","Kaberamaido Town Council","Kaberamaido","Kaberamaido County","Kaberamaido Town Council"
"S","06","Aperikira","Kaberamaido","Kaberamaido County","Aperikira"
"C","201","Kalaki County","Kaberamaido","Kalaki County",""
"S","01","Anyara","Kaberamaido","Kalaki County","Anyara"
"S","02","Bululu","Kaberamaido","Kalaki County","Bululu"
"S","03","Kalaki","Kaberamaido","Kalaki County","Kalaki"
"S","04","Otuboi","Kaberamaido","Kalaki County","Otuboi"
"S","05","Apapai","Kaberamaido","Kalaki County","Apapai"
"S","06","Kakure","Kaberamaido","Kalaki County","Kakure"
"D","55","Kanungu","Kanungu","",""
"C","195","Kinkinzi County East","Kanungu","Kinkinzi County East",""
"S","01","Kambuga","Kanungu","Kinkinzi County East","Kambuga"
"S","02","Kirima","Kanungu","Kinkinzi County East","Kirima"
"S","03","Rugyeyo","Kanungu","Kinkinzi County East","Rugyeyo"
"S","04","Rutenga","Kanungu","Kinkinzi County East","Rutenga"
"S","05","Kanungu Town Council","Kanungu","Kinkinzi County East","Kanungu Town Council"
"C","196","Kinkinzi County West","Kanungu","Kinkinzi County West",""
"S","01","Kanyantorogo","Kanungu","Kinkinzi County West","Kanyantorogo"
"S","02","Kayonza","Kanungu","Kinkinzi County West","Kayonza"
"S","03","Kihiihi","Kanungu","Kinkinzi County West","Kihiihi"
"S","04","Nyamirama","Kanungu","Kinkinzi County West","Nyamirama"
"S","05","Mpungu","Kanungu","Kinkinzi County West","Mpungu"
"S","06","Kihiihi Town Council","Kanungu","Kinkinzi County West","Kihiihi Town Council"
"D","56","Nakapiripirit","Nakapiripirit","",""
"C","146","Chekwii County (Kadam)","Nakapiripirit","Chekwii County (Kadam)",""
"S","01","Kakomongole","Nakapiripirit","Chekwii County (Kadam)","Kakomongole"
"S","02","Moruita","Nakapiripirit","Chekwii County (Kadam)","Moruita"
"S","03","Nakapiripirit Town Council","Nakapiripirit","Chekwii County (Kadam)","Nakapiripirit Town Council"
"S","04","Namalu","Nakapiripirit","Chekwii County (Kadam)","Namalu"
"S","05","Loregae","Nakapiripirit","Chekwii County (Kadam)","Loregae"
"C","148","Pian County","Nakapiripirit","Pian County",""
"S","01","Lolachat","Nakapiripirit","Pian County","Lolachat"
"S","02","Lorengedwat","Nakapiripirit","Pian County","Lorengedwat"
"S","03","Nabilatuk","Nakapiripirit","Pian County","Nabilatuk"
"D","57","Amolatar","Amolatar","",""
"C","102","Kioga County","Amolatar","Kioga County",""
"S","01","Namasale","Amolatar","Kioga County","Namasale"
"S","02","Muntu","Amolatar","Kioga County","Muntu"
"S","03","Aputi","Amolatar","Kioga County","Aputi"
"S","04","Awello","Amolatar","Kioga County","Awello"
"S","05","Amolatar Town Council","Amolatar","Kioga County","Amolatar Town Council"
"S","06","Agikdak","Amolatar","Kioga County","Agikdak"
"S","07","Agwingiri","Amolatar","Kioga County","Agwingiri"
"S","08","Akwon","Amolatar","Kioga County","Akwon"
"S","09","Arwotcek","Amolatar","Kioga County","Arwotcek"
"S","10","Etam","Amolatar","Kioga County","Etam"
"D","58","Amuria","Amuria","",""
"C","199","Amuria County","Amuria","Amuria County",""
"S","01","Abarilela","Amuria","Amuria County","Abarilela"
"S","02","Asamuk","Amuria","Amuria County","Asamuk"
"S","03","Kuju","Amuria","Amuria County","Kuju"
"S","04","Orungo","Amuria","Amuria County","Orungo"
"S","05","Wera","Amuria","Amuria County","Wera"
"S","06","Morungatuny","Amuria","Amuria County","Morungatuny"
"S","07","Amuria Town Council","Amuria","Amuria County","Amuria Town Council"
"C","202","Kapelebyong County","Amuria","Kapelebyong County",""
"S","01","Acowa","Amuria","Kapelebyong County","Acowa"
"S","02","Kapelebyong","Amuria","Kapelebyong County","Kapelebyong"
"S","03","Obalanga","Amuria","Kapelebyong County","Obalanga"
"D","59","Bukwo","Bukwo","",""
"C","074","Kongasis County","Bukwo","Kongasis County",""
"S","01","Bukwa","Bukwo","Kongasis County","Bukwa"
"S","02","Chesower","Bukwo","Kongasis County","Chesower"
"S","03","Kabei","Bukwo","Kongasis County","Kabei"
"S","04","Suam","Bukwo","Kongasis County","Suam"
"S","05","Bukwo Town Council","Bukwo","Kongasis County","Bukwo Town Council"
"S","06","Chepkwasta","Bukwo","Kongasis County","Chepkwasta"
"S","07","Kamet","Bukwo","Kongasis County","Kamet"
"S","08","Kaptererwo","Bukwo","Kongasis County","Kaptererwo"
"S","09","Kortek","Bukwo","Kongasis County","Kortek"
"S","10","Riwo","Bukwo","Kongasis County","Riwo"
"S","11","Senendet","Bukwo","Kongasis County","Senendet"
"S","12","Tulel","Bukwo","Kongasis County","Tulel"
"D","60","Butaleja","Butaleja","",""
"C","208","Bunyole East County","Butaleja","Bunyole East County",""
"S","04","Butaleja","Butaleja","Bunyole East County","Butaleja"
"S","05","Kachonga","Butaleja","Bunyole East County","Kachonga"
"S","06","Mazimasa","Butaleja","Bunyole East County","Mazimasa"
"S","08","Butaleja Town Council","Butaleja","Bunyole East County","Butaleja Town Council"
"S","11","Himutu","Butaleja","Bunyole East County","Himutu"
"S","12","Naweyo","Butaleja","Bunyole East County","Naweyo"
"C","236","Bunyole West County","Butaleja","Bunyole West County",""
"S","01","Budumba","Butaleja","Bunyole West County","Budumba"
"S","02","Busaba","Butaleja","Bunyole West County","Busaba"
"S","03","Busolwe","Butaleja","Bunyole West County","Busolwe"
"S","07","Nawanjofu","Butaleja","Bunyole West County","Nawanjofu"
"S","09","Busolwe Town Council","Butaleja","Bunyole West County","Busolwe Town Council"
"S","10","Busabi","Butaleja","Bunyole West County","Busabi"
"D","61","Ibanda","Ibanda","",""
"C","136","Ibanda County North","Ibanda","Ibanda County North",""
"S","01","Bisheshe","Ibanda","Ibanda County North","Bisheshe"
"S","02","Ishongororo","Ibanda","Ibanda County North","Ishongororo"
"S","03","Nyamarebe","Ibanda","Ibanda County North","Nyamarebe"
"S","04","Ishongororo Town Council","Ibanda","Ibanda County North","Ishongororo Town Council"
"S","05","Kashangura","Ibanda","Ibanda County North","Kashangura"
"S","06","Kijongo","Ibanda","Ibanda County North","Kijongo"
"S","07","Rushango Town Council","Ibanda","Ibanda County North","Rushango Town Council"
"C","137","Ibanda County South","Ibanda","Ibanda County South",""
"S","01","Ibanda Town Council","Ibanda","Ibanda County South","Ibanda Town Council"
"S","02","Kicuzi","Ibanda","Ibanda County South","Kicuzi"
"S","03","Kikyenkye","Ibanda","Ibanda County South","Kikyenkye"
"S","04","Nyabuhikye","Ibanda","Ibanda County South","Nyabuhikye"
"S","05","Rukiri","Ibanda","Ibanda County South","Rukiri"
"S","06","Keihangara","Ibanda","Ibanda County South","Keihangara"
"S","07","Nsasi","Ibanda","Ibanda County South","Nsasi"
"D","62","Isingiro","Isingiro","",""
"C","135","Bukanga County","Isingiro","Bukanga County",""
"S","01","Endinzi","Isingiro","Bukanga County","Endinzi"
"S","02","Kashumba","Isingiro","Bukanga County","Kashumba"
"S","03","Ngarama","Isingiro","Bukanga County","Ngarama"
"S","04","Rugaaga","Isingiro","Bukanga County","Rugaaga"
"S","05","Mbaare","Isingiro","Bukanga County","Mbaare"
"S","06","Rushasha","Isingiro","Bukanga County","Rushasha"
"C","138","Isingiro County North","Isingiro","Isingiro County North",""
"S","01","Birere","Isingiro","Isingiro County North","Birere"
"S","02","Kabingo","Isingiro","Isingiro County North","Kabingo"
"S","03","Masha","Isingiro","Isingiro County North","Masha"
"S","04","Isingiro Town Council","Isingiro","Isingiro County North","Isingiro Town Council"
"S","05","Nyamuyanja","Isingiro","Isingiro County North","Nyamuyanja"
"S","06","Kaberebere Town Council","Isingiro","Isingiro County North","Kaberebere Town Council"
"C","139","Isingiro County South","Isingiro","Isingiro County South",""
"S","01","Kabuyanda","Isingiro","Isingiro County South","Kabuyanda"
"S","02","Kikagate","Isingiro","Isingiro County South","Kikagate"
"S","03","Nyakitunda","Isingiro","Isingiro County South","Nyakitunda"
"S","04","Ruborogota","Isingiro","Isingiro County South","Ruborogota"
"S","05","Kabuyanda Town Council","Isingiro","Isingiro County South","Kabuyanda Town Council"
"D","63","Kaabong","Kaabong","",""
"C","093","Dodoth East County","Kaabong","Dodoth East County",""
"S","01","Kaabong East","Kaabong","Dodoth East County","Kaabong East"
"S","02","Kaabong Town Council","Kaabong","Dodoth East County","Kaabong Town Council"
"S","03","Kalapata","Kaabong","Dodoth East County","Kalapata"
"S","05","Kathile","Kaabong","Dodoth East County","Kathile"
"S","06","Lolelia","Kaabong","Dodoth East County","Lolelia"
"S","07","Loyoro","Kaabong","Dodoth East County","Loyoro"
"S","09","Sidok (Kapoth)","Kaabong","Dodoth East County","Sidok (Kapoth)"
"S","10","Kaabong West","Kaabong","Dodoth East County","Kaabong West"
"S","11","Kamion","Kaabong","Dodoth East County","Kamion"
"S","14","Lodiko","Kaabong","Dodoth East County","Lodiko"
"C","237","Dodoth West County","Kaabong","Dodoth West County",""
"S","04","Kapedo","Kaabong","Dodoth West County","Kapedo"
"S","08","Karenga(Napore)","Kaabong","Dodoth West County","Karenga(Napore)"
"S","12","Kawalakol","Kaabong","Dodoth West County","Kawalakol"
"S","13","Lobalangit","Kaabong","Dodoth West County","Lobalangit"
"D","64","Kaliro","Kaliro","",""
"C","072","Bulamogi County","Kaliro","Bulamogi County",""
"S","01","Bumanya","Kaliro","Bulamogi County","Bumanya"
"S","02","Gadumire","Kaliro","Bulamogi County","Gadumire"
"S","03","Namugongo","Kaliro","Bulamogi County","Namugongo"
"S","04","Namwiwa","Kaliro","Bulamogi County","Namwiwa"
"S","05","Nawaikoke","Kaliro","Bulamogi County","Nawaikoke"
"S","06","Kaliro Town Council","Kaliro","Bulamogi County","Kaliro Town Council"
"D","65","Kiruhura","Kiruhura","",""
"C","141","Kazo County","Kiruhura","Kazo County",""
"S","01","Buremba","Kiruhura","Kazo County","Buremba"
"S","02","Burunga","Kiruhura","Kazo County","Burunga"
"S","03","Kanoni","Kiruhura","Kazo County","Kanoni"
"S","04","Kazo","Kiruhura","Kazo County","Kazo"
"S","05","Rwemikoma","Kiruhura","Kazo County","Rwemikoma"
"S","06","Engari","Kiruhura","Kazo County","Engari"
"S","07","Nkungu","Kiruhura","Kazo County","Nkungu"
"S","08","Kazo Town Council","Kiruhura","Kazo County","Kazo Town Council"
"C","142","Nyabushozi County","Kiruhura","Nyabushozi County",""
"S","01","Kanyaryeru","Kiruhura","Nyabushozi County","Kanyaryeru"
"S","02","Kashongi","Kiruhura","Nyabushozi County","Kashongi"
"S","03","Kenshunga","Kiruhura","Nyabushozi County","Kenshunga"
"S","04","Kikatsi","Kiruhura","Nyabushozi County","Kikatsi"
"S","05","Kinoni","Kiruhura","Nyabushozi County","Kinoni"
"S","06","Nyakashashara","Kiruhura","Nyabushozi County","Nyakashashara"
"S","07","Sanga","Kiruhura","Nyabushozi County","Sanga"
"S","08","Kiruhura Town Council","Kiruhura","Nyabushozi County","Kiruhura Town Council"
"S","09","Kitura","Kiruhura","Nyabushozi County","Kitura"
"S","10","Sanga Town Council","Kiruhura","Nyabushozi County","Sanga Town Council"
"D","66","Koboko","Koboko","",""
"C","008","Koboko County","Koboko","Koboko County",""
"S","01","Koboko Town Council","Koboko","Koboko County","Koboko Town Council"
"S","02","Lobule","Koboko","Koboko County","Lobule"
"S","03","Ludara","Koboko","Koboko County","Ludara"
"S","04","Midia","Koboko","Koboko County","Midia"
"S","05","Kuluba","Koboko","Koboko County","Kuluba"
"S","06","Abuku","Koboko","Koboko County","Abuku"
"S","07","Dranya","Koboko","Koboko County","Dranya"
"D","67","Manafwa","Manafwa","",""
"C","126","Bubulo County West","Manafwa","Bubulo County West",""
"S","01","Bugobero","Manafwa","Bubulo County West","Bugobero"
"S","02","Butiru","Manafwa","Bubulo County West","Butiru"
"S","03","Buwagogo","Manafwa","Bubulo County West","Buwagogo"
"S","04","Kaato","Manafwa","Bubulo County West","Kaato"
"S","05","Sibanga","Manafwa","Bubulo County West","Sibanga"
"S","06","Manafwa Town Council","Manafwa","Bubulo County West","Manafwa Town Council"
"S","07","Bukusu","Manafwa","Bubulo County West","Bukusu"
"S","08","Bunabwana","Manafwa","Bubulo County West","Bunabwana"
"S","09","Busukuya","Manafwa","Bubulo County West","Busukuya"
"S","10","Butta","Manafwa","Bubulo County West","Butta"
"S","11","Khabutoola","Manafwa","Bubulo County West","Khabutoola"
"S","12","Sisuni","Manafwa","Bubulo County West","Sisuni"
"S","13","Nalondo","Manafwa","Bubulo County West","Nalondo"
"S","14","Weswa","Manafwa","Bubulo County West","Weswa"
"S","15","Bukhofu","Manafwa","Bubulo County West","Bukhofu"
"C","127","Bubulo County East","Manafwa","Bubulo County East",""
"S","01","Buwabwala","Manafwa","Bubulo County East","Buwabwala"
"S","02","Bumwoni","Manafwa","Bubulo County East","Bumwoni"
"S","03","Bumbo","Manafwa","Bubulo County East","Bumbo"
"S","04","Bupoto","Manafwa","Bubulo County East","Bupoto"
"S","05","Bubutu","Manafwa","Bubulo County East","Bubutu"
"S","06","Magale","Manafwa","Bubulo County East","Magale"
"S","07","Namabya","Manafwa","Bubulo County East","Namabya"
"S","08","Tsekululu","Manafwa","Bubulo County East","Tsekululu"
"S","09","Lwakhakha Town Council","Manafwa","Bubulo County East","Lwakhakha Town Council"
"S","10","Bukoho","Manafwa","Bubulo County East","Bukoho"
"S","11","Mukoto","Manafwa","Bubulo County East","Mukoto"
"S","12","Namboko","Manafwa","Bubulo County East","Namboko"
"S","13","Bukiabi","Manafwa","Bubulo County East","Bukiabi"
"S","14","Bukhabusi","Manafwa","Bubulo County East","Bukhabusi"
"S","15","Bukhaweka","Manafwa","Bubulo County East","Bukhaweka"
"D","68","Mityana","Mityana","",""
"C","165","Busujju County","Mityana","Busujju County",""
"S","01","Butayunja","Mityana","Busujju County","Butayunja"
"S","02","Kakindu","Mityana","Busujju County","Kakindu"
"S","03","Maanyi","Mityana","Busujju County","Maanyi"
"S","04","Malangala","Mityana","Busujju County","Malangala"
"S","05","Bbanda","Mityana","Busujju County","Bbanda"
"C","169","Mityana County North","Mityana","Mityana County North",""
"S","01","Bulera","Mityana","Mityana County North","Bulera"
"S","02","Kikandwa","Mityana","Mityana County North","Kikandwa"
"S","03","Kalangaalo","Mityana","Mityana County North","Kalangaalo"
"C","170","Mityana County South","Mityana","Mityana County South",""
"S","01","Busimbi","Mityana","Mityana County South","Busimbi"
"S","02","Mityana Town Council","Mityana","Mityana County South","Mityana Town Council"
"S","03","Ssekanyonyi","Mityana","Mityana County South","Ssekanyonyi"
"S","04","Namungo","Mityana","Mityana County South","Namungo"
"D","69","Nakaseke","Nakaseke","",""
"C","109","Nakaseke South County","Nakaseke","Nakaseke South County",""
"S","01","Kaasangombe","Nakaseke","Nakaseke South County","Kaasangombe"
"S","02","Kapeeka","Nakaseke","Nakaseke South County","Kapeeka"
"S","04","Nakaseke","Nakaseke","Nakaseke South County","Nakaseke"
"S","06","Semuto","Nakaseke","Nakaseke South County","Semuto"
"S","10","Nakaseke Town Council","Nakaseke","Nakaseke South County","Nakaseke Town Council"
"S","11","Semuto Town Council","Nakaseke","Nakaseke South County","Semuto Town Council"
"C","223","Nakaseke North County","Nakaseke","Nakaseke North County",""
"S","03","Kikamulo","Nakaseke","Nakaseke North County","Kikamulo"
"S","05","Ngoma","Nakaseke","Nakaseke North County","Ngoma"
"S","07","Wakyato","Nakaseke","Nakaseke North County","Wakyato"
"S","08","Kinyogoga","Nakaseke","Nakaseke North County","Kinyogoga"
"S","09","Nakaseke Butalangu Town Council","Nakaseke","Nakaseke North County","Nakaseke Butalangu Town Council"
"S","12","Kiwoko Town Council","Nakaseke","Nakaseke North County","Kiwoko Town Council"
"S","13","Ngoma Town Council","Nakaseke","Nakaseke North County","Ngoma Town Council"
"S","14","Kinoni","Nakaseke","Nakaseke North County","Kinoni"
"S","15","Kitto","Nakaseke","Nakaseke North County","Kitto"
"D","70","Abim","Abim","",""
"C","095","Labwor County","Abim","Labwor County",""
"S","01","Abim","Abim","Labwor County","Abim"
"S","02","Alerek","Abim","Labwor County","Alerek"
"S","03","Lotukei","Abim","Labwor County","Lotukei"
"S","04","Morulem","Abim","Labwor County","Morulem"
"S","05","Nyakwae","Abim","Labwor County","Nyakwae"
"S","06","Abim Town Council","Abim","Labwor County","Abim Town Council"
"D","71","Amuru","Amuru","",""
"C","024","Kilak County","Amuru","Kilak County",""
"S","01","Amuru","Amuru","Kilak County","Amuru"
"S","02","Atiak","Amuru","Kilak County","Atiak"
"S","03","Lamogi","Amuru","Kilak County","Lamogi"
"S","04","Pabbo","Amuru","Kilak County","Pabbo"
"S","05","Amuru Town Council","Amuru","Kilak County","Amuru Town Council"
"D","72","Budaka","Budaka","",""
"C","187","Budaka County","Budaka","Budaka County",""
"S","01","Budaka","Budaka","Budaka County","Budaka"
"S","03","Kaderuna","Budaka","Budaka County","Kaderuna"
"S","05","Lyama","Budaka","Budaka County","Lyama"
"S","06","Naboa","Budaka","Budaka County","Naboa"
"S","08","Budaka Town Council","Budaka","Budaka County","Budaka Town Council"
"S","09","Kachomo","Budaka","Budaka County","Kachomo"
"S","10","Kakule","Budaka","Budaka County","Kakule"
"S","13","Nansanga","Budaka","Budaka County","Nansanga"
"C","238","Iki-Iki County","Budaka","Iki-Iki County",""
"S","02","Iki-Iki","Budaka","Iki-Iki County","Iki-Iki"
"S","04","Kamonkoli","Budaka","Iki-Iki County","Kamonkoli"
"S","07","Kameruka","Budaka","Iki-Iki County","Kameruka"
"S","11","Katira","Budaka","Iki-Iki County","Katira"
"S","12","Mugiti","Budaka","Iki-Iki County","Mugiti"
"D","73","Buliisa","Buliisa","",""
"C","123","Buliisa County","Buliisa","Buliisa County",""
"S","01","Biiso","Buliisa","Buliisa County","Biiso"
"S","02","Buliisa","Buliisa","Buliisa County","Buliisa"
"S","03","Buliisa Town Council","Buliisa","Buliisa County","Buliisa Town Council"
"S","04","Butiaba","Buliisa","Buliisa County","Butiaba"
"S","05","Kigwera","Buliisa","Buliisa County","Kigwera"
"S","06","Kihungya","Buliisa","Buliisa County","Kihungya"
"S","07","Ngwedo","Buliisa","Buliisa County","Ngwedo"
"D","74","Dokolo","Dokolo","",""
"C","099","Dokolo County","Dokolo","Dokolo County",""
"S","01","Agwatta","Dokolo","Dokolo County","Agwatta"
"S","02","Batta","Dokolo","Dokolo County","Batta"
"S","03","Dokolo","Dokolo","Dokolo County","Dokolo"
"S","04","Kangai","Dokolo","Dokolo County","Kangai"
"S","05","Kwera","Dokolo","Dokolo County","Kwera"
"S","06","Dokolo Town Council","Dokolo","Dokolo County","Dokolo Town Council"
"S","07","Adeknino","Dokolo","Dokolo County","Adeknino"
"S","08","Adok","Dokolo","Dokolo County","Adok"
"S","09","Amwoma","Dokolo","Dokolo County","Amwoma"
"S","10","Okwalongwen","Dokolo","Dokolo County","Okwalongwen"
"S","11","Okwongodul","Dokolo","Dokolo County","Okwongodul"
"D","75","Namutumba","Namutumba","",""
"C","037","Busiki County","Namutumba","Busiki County",""
"S","01","Bulange","Namutumba","Busiki County","Bulange"
"S","02","Ivukula","Namutumba","Busiki County","Ivukula"
"S","03","Kibaale","Namutumba","Busiki County","Kibaale"
"S","04","Magada","Namutumba","Busiki County","Magada"
"S","05","Namutumba","Namutumba","Busiki County","Namutumba"
"S","06","Nsinze","Namutumba","Busiki County","Nsinze"
"S","07","Namutumba Town Council","Namutumba","Busiki County","Namutumba Town Council"
"D","76","Oyam","Oyam","",""
"C","004","Oyam County North","Oyam","Oyam County North",""
"S","01","Achaba","Oyam","Oyam County North","Achaba"
"S","02","Icheme","Oyam","Oyam County North","Icheme"
"S","03","Ngai","Oyam","Oyam County North","Ngai"
"S","04","Otwal","Oyam","Oyam County North","Otwal"
"S","05","Oyam Town Council","Oyam","Oyam County North","Oyam Town Council"
"S","06","Aleka","Oyam","Oyam County North","Aleka"
"S","07","Abok","Oyam","Oyam County North","Abok"
"C","005","Oyam County South","Oyam","Oyam County South",""
"S","01","Aber","Oyam","Oyam County South","Aber"
"S","02","Loro","Oyam","Oyam County South","Loro"
"S","03","Minakulu","Oyam","Oyam County South","Minakulu"
"S","04","Kamdini","Oyam","Oyam County South","Kamdini"
"S","05","Myene","Oyam","Oyam County South","Myene"
"D","77","Maracha","Maracha","",""
"C","010","Maracha County","Maracha","Maracha County",""
"S","01","Kijomoro","Maracha","Maracha County","Kijomoro"
"S","02","Nyadri","Maracha","Maracha County","Nyadri"
"S","03","Oleba","Maracha","Maracha County","Oleba"
"S","04","Oluvu","Maracha","Maracha County","Oluvu"
"S","05","Yivu","Maracha","Maracha County","Yivu"
"S","06","Olufe","Maracha","Maracha County","Olufe"
"S","07","Tara","Maracha","Maracha County","Tara"
"S","08","Maracha Town Council","Maracha","Maracha County","Maracha Town Council"
"D","78","Bududa","Bududa","",""
"C","133","Manjiya County","Bududa","Manjiya County",""
"S","01","Bubiita","Bududa","Manjiya County","Bubiita"
"S","02","Bududa","Bududa","Manjiya County","Bududa"
"S","03","Bukibokolo","Bududa","Manjiya County","Bukibokolo"
"S","04","Bukigai","Bududa","Manjiya County","Bukigai"
"S","05","Bulucheke","Bududa","Manjiya County","Bulucheke"
"S","06","Bumayoka","Bududa","Manjiya County","Bumayoka"
"S","07","Bushika","Bududa","Manjiya County","Bushika"
"S","08","Bududa Town Council","Bududa","Manjiya County","Bududa Town Council"
"S","09","Bukalasi","Bududa","Manjiya County","Bukalasi"
"S","10","Bumasheti","Bududa","Manjiya County","Bumasheti"
"S","11","Bushiribo","Bududa","Manjiya County","Bushiribo"
"S","12","Bushiyi","Bududa","Manjiya County","Bushiyi"
"S","13","Buwali","Bududa","Manjiya County","Buwali"
"S","14","Nabweya","Bududa","Manjiya County","Nabweya"
"S","15","Nakatsi","Bududa","Manjiya County","Nakatsi"
"S","16","Nalwanza","Bududa","Manjiya County","Nalwanza"
"D","79","Bukedea","Bukedea","",""
"C","096","Bukedea County","Bukedea","Bukedea County",""
"S","01","Bukedea","Bukedea","Bukedea County","Bukedea"
"S","02","Kachumbala","Bukedea","Bukedea County","Kachumbala"
"S","03","Kidongole","Bukedea","Bukedea County","Kidongole"
"S","04","Kolir","Bukedea","Bukedea County","Kolir"
"S","05","Malera","Bukedea","Bukedea County","Malera"
"S","06","Bukedea Town Council","Bukedea","Bukedea County","Bukedea Town Council"
"D","80","Lyantonde","Lyantonde","",""
"C","191","Kabula County","Lyantonde","Kabula County",""
"S","01","Kaliro","Lyantonde","Kabula County","Kaliro"
"S","02","Kasagama","Lyantonde","Kabula County","Kasagama"
"S","03","Kinuuka","Lyantonde","Kabula County","Kinuuka"
"S","04","Lyantonde","Lyantonde","Kabula County","Lyantonde"
"S","05","Lyantonde Town Council","Lyantonde","Kabula County","Lyantonde Town Council"
"S","06","Mpumudde","Lyantonde","Kabula County","Mpumudde"
"D","81","Amudat","Amudat","",""
"C","149","Upe County","Amudat","Upe County",""
"S","01","Amudat","Amudat","Upe County","Amudat"
"S","02","Karita","Amudat","Upe County","Karita"
"S","03","Loroo","Amudat","Upe County","Loroo"
"S","04","Amudat Town Council","Amudat","Upe County","Amudat Town Council"
"D","82","Buikwe","Buikwe","",""
"C","172","Buikwe County North","Buikwe","Buikwe County North",""
"S","01","Njeru Town Council","Buikwe","Buikwe County North","Njeru Town Council"
"S","02","Nyenga","Buikwe","Buikwe County North","Nyenga"
"S","03","Wakisi","Buikwe","Buikwe County North","Wakisi"
"C","173","Buikwe County West","Buikwe","Buikwe County West",""
"S","01","Kawolo","Buikwe","Buikwe County West","Kawolo"
"S","02","Lugazi Town Council","Buikwe","Buikwe County West","Lugazi Town Council"
"S","03","Najjembe","Buikwe","Buikwe County West","Najjembe"
"C","174","Buikwe County South","Buikwe","Buikwe County South",""
"S","01","Buikwe","Buikwe","Buikwe County South","Buikwe"
"S","02","Najja","Buikwe","Buikwe County South","Najja"
"S","03","Ngogwe","Buikwe","Buikwe County South","Ngogwe"
"S","04","Nkokonjeru Town Council","Buikwe","Buikwe County South","Nkokonjeru Town Council"
"S","05","Ssi","Buikwe","Buikwe County South","Ssi"
"S","06","Buikwe Town Council","Buikwe","Buikwe County South","Buikwe Town Council"
"D","83","Buyende","Buyende","",""
"C","069","Budiope West County","Buyende","Budiope West County",""
"S","02","Buyende","Buyende","Budiope West County","Buyende"
"S","04","Kidera","Buyende","Budiope West County","Kidera"
"S","05","Nkondo","Buyende","Budiope West County","Nkondo"
"S","06","Buyende Town Council","Buyende","Budiope West County","Buyende Town Council"
"C","217","Budiope East County","Buyende","Budiope East County",""
"S","01","Bugaya","Buyende","Budiope East County","Bugaya"
"S","03","Kagulu","Buyende","Budiope East County","Kagulu"
"D","84","Kyegegwa","Kyegegwa","",""
"C","055","Kyaka County","Kyegegwa","Kyaka County",""
"S","01","Hapuuyo","Kyegegwa","Kyaka County","Hapuuyo"
"S","02","Kakabara","Kyegegwa","Kyaka County","Kakabara"
"S","03","Kasule","Kyegegwa","Kyaka County","Kasule"
"S","04","Kyegegwa","Kyegegwa","Kyaka County","Kyegegwa"
"S","05","Mpara","Kyegegwa","Kyaka County","Mpara"
"S","06","Ruyonza","Kyegegwa","Kyaka County","Ruyonza"
"S","07","Rwentuha","Kyegegwa","Kyaka County","Rwentuha"
"S","08","Kyegegwa Town Council","Kyegegwa","Kyaka County","Kyegegwa Town Council"
"D","85","Lamwo","Lamwo","",""
"C","092","Lamwo County","Lamwo","Lamwo County",""
"S","01","Agoro","Lamwo","Lamwo County","Agoro"
"S","02","Lokung","Lamwo","Lamwo County","Lokung"
"S","03","Madi-Opei","Lamwo","Lamwo County","Madi-Opei"
"S","04","Padibe East","Lamwo","Lamwo County","Padibe East"
"S","05","Palabek-Gem","Lamwo","Lamwo County","Palabek-Gem"
"S","06","Palabek-Kal","Lamwo","Lamwo County","Palabek-Kal"
"S","07","Paloga","Lamwo","Lamwo County","Paloga"
"S","08","Padibe West","Lamwo","Lamwo County","Padibe West"
"S","09","Ogili","Lamwo","Lamwo County","Ogili"
"S","10","Lamwo Town Council","Lamwo","Lamwo County","Lamwo Town Council"
"D","86","Otuke","Otuke","",""
"C","104","Otuke County","Otuke","Otuke County",""
"S","01","Adwari","Otuke","Otuke County","Adwari"
"S","02","Okwang","Otuke","Otuke County","Okwang"
"S","03","Olilim","Otuke","Otuke County","Olilim"
"S","04","Orum","Otuke","Otuke County","Orum"
"S","05","Ogor","Otuke","Otuke County","Ogor"
"S","06","Otuke Town Council","Otuke","Otuke County","Otuke Town Council"
"D","87","Zombo","Zombo","",""
"C","182","Okoro County","Zombo","Okoro County",""
"S","01","Atyak","Zombo","Okoro County","Atyak"
"S","02","Jangokoro","Zombo","Okoro County","Jangokoro"
"S","03","Kango","Zombo","Okoro County","Kango"
"S","04","Nyapea","Zombo","Okoro County","Nyapea"
"S","05","Paidha Town Council","Zombo","Okoro County","Paidha Town Council"
"S","06","Zeu","Zombo","Okoro County","Zeu"
"S","07","Paidha","Zombo","Okoro County","Paidha"
"S","08","Abanga","Zombo","Okoro County","Abanga"
"S","09","Warr","Zombo","Okoro County","Warr"
"S","10","Zombo Town Council","Zombo","Okoro County","Zombo Town Council"
"D","88","Alebtong","Alebtong","",""
"C","103","Moroto County","Alebtong","Moroto County",""
"S","01","Apala","Alebtong","Moroto County","Apala"
"S","02","Alebtong Town Council","Alebtong","Moroto County","Alebtong Town Council"
"S","03","Aloi","Alebtong","Moroto County","Aloi"
"S","06","Abia","Alebtong","Moroto County","Abia"
"S","07","Akura","Alebtong","Moroto County","Akura"
"C","216","Ajuri County","Alebtong","Ajuri County",""
"S","02","Amugu","Alebtong","Ajuri County","Amugu"
"S","04","Abako","Alebtong","Ajuri County","Abako"
"S","05","Omoro","Alebtong","Ajuri County","Omoro"
"S","08","Awei","Alebtong","Ajuri County","Awei"
"D","89","Bulambuli","Bulambuli","",""
"C","130","Bulambuli County","Bulambuli","Bulambuli County",""
"S","01","Buginyanya","Bulambuli","Bulambuli County","Buginyanya"
"S","02","Bukhalu","Bulambuli","Bulambuli County","Bukhalu"
"S","03","Bulago","Bulambuli","Bulambuli County","Bulago"
"S","04","Bulegeni","Bulambuli","Bulambuli County","Bulegeni"
"S","05","Buluganya","Bulambuli","Bulambuli County","Buluganya"
"S","06","Bunambutye","Bulambuli","Bulambuli County","Bunambutye"
"S","07","Masira","Bulambuli","Bulambuli County","Masira"
"S","08","Muyembe","Bulambuli","Bulambuli County","Muyembe"
"S","09","Sisiyi","Bulambuli","Bulambuli County","Sisiyi"
"S","10","Bumasobo","Bulambuli","Bulambuli County","Bumasobo"
"S","11","Bwikhonge","Bulambuli","Bulambuli County","Bwikhonge"
"S","12","Lusha","Bulambuli","Bulambuli County","Lusha"
"S","13","Nabbongo","Bulambuli","Bulambuli County","Nabbongo"
"S","14","Namisuni","Bulambuli","Bulambuli County","Namisuni"
"S","15","Simu","Bulambuli","Bulambuli County","Simu"
"S","16","Bulegeni Town Council","Bulambuli","Bulambuli County","Bulegeni Town Council"
"S","17","Muyembe Town Council","Bulambuli","Bulambuli County","Muyembe Town Council"
"D","90","Buvuma","Buvuma","",""
"C","175","Buvuma Islands County","Buvuma","Buvuma Islands County",""
"S","01","Bugaya","Buvuma","Buvuma Islands County","Bugaya"
"S","02","Busamuzi","Buvuma","Buvuma Islands County","Busamuzi"
"S","03","Bweema","Buvuma","Buvuma Islands County","Bweema"
"S","04","Nairambi","Buvuma","Buvuma Islands County","Nairambi"
"S","05","Buvuma Town Council","Buvuma","Buvuma Islands County","Buvuma Town Council"
"D","91","Gomba","Gomba","",""
"C","158","Gomba County","Gomba","Gomba County",""
"S","01","Kabulasoke","Gomba","Gomba County","Kabulasoke"
"S","02","Kyegonza","Gomba","Gomba County","Kyegonza"
"S","03","Maddu","Gomba","Gomba County","Maddu"
"S","04","Mpenja","Gomba","Gomba County","Mpenja"
"S","05","Kanoni Town Council","Gomba","Gomba County","Kanoni Town Council"
"D","92","Kiryandongo","Kiryandongo","",""
"C","125","Kibanda County","Kiryandongo","Kibanda County",""
"S","01","Kigumba","Kiryandongo","Kibanda County","Kigumba"
"S","02","Kiryandongo","Kiryandongo","Kibanda County","Kiryandongo"
"S","03","Masindi Port","Kiryandongo","Kibanda County","Masindi Port"
"S","04","Mutunda","Kiryandongo","Kibanda County","Mutunda"
"S","05","Kigumba Town Council","Kiryandongo","Kibanda County","Kigumba Town Council"
"S","06","Bweyale Town Council","Kiryandongo","Kibanda County","Bweyale Town Council"
"S","07","Kiryandongo Town Council","Kiryandongo","Kibanda County","Kiryandongo Town Council"
"D","93","Kyankwanzi","Kyankwanzi","",""
"C","085","Kiboga West County","Kyankwanzi","Kiboga West County",""
"S","01","Butemba","Kyankwanzi","Kiboga West County","Butemba"
"S","02","Gayaza","Kyankwanzi","Kiboga West County","Gayaza"
"S","03","Kyankwanzi","Kyankwanzi","Kiboga West County","Kyankwanzi"
"S","04","Mulagi","Kyankwanzi","Kiboga West County","Mulagi"
"S","05","Nsambya","Kyankwanzi","Kiboga West County","Nsambya"
"S","06","Kitabona","Kyankwanzi","Kiboga West County","Kitabona"
"S","07","Wattuba","Kyankwanzi","Kiboga West County","Wattuba"
"S","08","Ntwetwe Town Council","Kyankwanzi","Kiboga West County","Ntwetwe Town Council"
"S","09","Butemba Town Council","Kyankwanzi","Kiboga West County","Butemba Town Council"
"D","94","Luuka","Luuka","",""
"C","040","Luuka County","Luuka","Luuka County",""
"S","01","Bukanga","Luuka","Luuka County","Bukanga"
"S","02","Bukooma","Luuka","Luuka County","Bukooma"
"S","03","Bulongo","Luuka","Luuka County","Bulongo"
"S","04","Ikumbya","Luuka","Luuka County","Ikumbya"
"S","05","Irongo","Luuka","Luuka County","Irongo"
"S","06","Nawampiti","Luuka","Luuka County","Nawampiti"
"S","07","Waibuga","Luuka","Luuka County","Waibuga"
"D","95","Namayingo","Namayingo","",""
"C","033","Bukooli South County","Namayingo","Bukooli South County",""
"S","01","Banda","Namayingo","Bukooli South County","Banda"
"S","02","Buswale","Namayingo","Bukooli South County","Buswale"
"S","03","Buyinja","Namayingo","Bukooli South County","Buyinja"
"S","05","Mutumba","Namayingo","Bukooli South County","Mutumba"
"S","06","Buhemba","Namayingo","Bukooli South County","Buhemba"
"S","07","Namayingo Town Council","Namayingo","Bukooli South County","Namayingo Town Council"
"C","235","Bukooli Island County","Namayingo","Bukooli Island County",""
"S","04","Sigulu Islands","Namayingo","Bukooli Island County","Sigulu Islands"
"D","96","Ntoroko","Ntoroko","",""
"C","015","Ntoroko County","Ntoroko","Ntoroko County",""
"S","01","Kanara","Ntoroko","Ntoroko County","Kanara"
"S","02","Karugutu","Ntoroko","Ntoroko County","Karugutu"
"S","03","Rwebisengo","Ntoroko","Ntoroko County","Rwebisengo"
"S","04","Butungama","Ntoroko","Ntoroko County","Butungama"
"S","05","Bweramule","Ntoroko","Ntoroko County","Bweramule"
"S","06","Kibuuku Town Council","Ntoroko","Ntoroko County","Kibuuku Town Council"
"S","07","Nombe","Ntoroko","Ntoroko County","Nombe"
"D","97","Serere","Serere","",""
"C","203","Kasilo County","Serere","Kasilo County",""
"S","01","Bugondo","Serere","Kasilo County","Bugondo"
"S","02","Kadungulu","Serere","Kasilo County","Kadungulu"
"S","03","Pingire","Serere","Kasilo County","Pingire"
"S","04","Labor","Serere","Kasilo County","Labor"
"C","204","Serere County","Serere","Serere County",""
"S","01","Atiira","Serere","Serere County","Atiira"
"S","02","Kateta","Serere","Serere County","Kateta"
"S","03","Kyere","Serere","Serere County","Kyere"
"S","04","Serere/Olio","Serere","Serere County","Serere/Olio"
"S","05","Serere Town Council","Serere","Serere County","Serere Town Council"
"D","98","Bukomansimbi","Bukomansimbi","",""
"C","111","Bukomansimbi County","Bukomansimbi","Bukomansimbi County",""
"S","01","Bigasa","Bukomansimbi","Bukomansimbi County","Bigasa"
"S","02","Butenga","Bukomansimbi","Bukomansimbi County","Butenga"
"S","03","Kibinge","Bukomansimbi","Bukomansimbi County","Kibinge"
"S","04","Kitanda","Bukomansimbi","Bukomansimbi County","Kitanda"
"S","05","Bukomansimbi Town Council","Bukomansimbi","Bukomansimbi County","Bukomansimbi Town Council"
"D","99","Butambala","Butambala","",""
"C","157","Butambala County","Butambala","Butambala County",""
"S","01","Budde","Butambala","Butambala County","Budde"
"S","02","Bulo","Butambala","Butambala County","Bulo"
"S","03","Kalamba","Butambala","Butambala County","Kalamba"
"S","04","Kibibi","Butambala","Butambala County","Kibibi"
"S","05","Ngando","Butambala","Butambala County","Ngando"
"S","06","Gombe Town Council","Butambala","Butambala County","Gombe Town Council"
"D","100","Kalungu","Kalungu","",""
"C","117","Kalungu County East","Kalungu","Kalungu County East",""
"S","01","Bukulula","Kalungu","Kalungu County East","Bukulula"
"S","02","Lwabenge","Kalungu","Kalungu County East","Lwabenge"
"S","03","Lukaya Town Council","Kalungu","Kalungu County East","Lukaya Town Council"
"C","118","Kalungu County West","Kalungu","Kalungu County West",""
"S","01","Kalungu","Kalungu","Kalungu County West","Kalungu"
"S","02","Kyamulibwa","Kalungu","Kalungu County West","Kyamulibwa"
"S","03","Bulambuli Town Council","Kalungu","Kalungu County West","Bulambuli Town Council"
"D","101","Sheema","Sheema","",""
"C","021","Sheema County North","Sheema","Sheema County North",""
"S","01","Kagango","Sheema","Sheema County North","Kagango"
"S","02","Kigarama","Sheema","Sheema County North","Kigarama"
"S","03","Kyangyenyi","Sheema","Sheema County North","Kyangyenyi"
"S","04","Kabwohe/Itendero Town Council","Sheema","Sheema County North","Kabwohe/Itendero Town Council"
"S","05","Masheruka","Sheema","Sheema County North","Masheruka"
"S","06","Kibingo Town Council","Sheema","Sheema County North","Kibingo Town Council"
"C","022","Sheema County South","Sheema","Sheema County South",""
"S","01","Bugongi","Sheema","Sheema County South","Bugongi"
"S","02","Kitagata","Sheema","Sheema County South","Kitagata"
"S","03","Shuuku","Sheema","Sheema County South","Shuuku"
"S","04","Kasaana","Sheema","Sheema County South","Kasaana"
"S","05","Bugongi Town Council","Sheema","Sheema County South","Bugongi Town Council"
"D","102","Kibuku","Kibuku","",""
"C","189","Kibuku County","Kibuku","Kibuku County",""
"S","01","Bulangira","Kibuku","Kibuku County","Bulangira"
"S","02","Buseta","Kibuku","Kibuku County","Buseta"
"S","03","Kadama","Kibuku","Kibuku County","Kadama"
"S","04","Kibuku","Kibuku","Kibuku County","Kibuku"
"S","05","Kagumu","Kibuku","Kibuku County","Kagumu"
"S","06","Kirika","Kibuku","Kibuku County","Kirika"
"S","07","Tirinyi","Kibuku","Kibuku County","Tirinyi"
"S","08","Kabweri","Kibuku","Kibuku County","Kabweri"
"S","09","Kasasira","Kibuku","Kibuku County","Kasasira"
"S","10","Kibuku Town Council","Kibuku","Kibuku County","Kibuku Town Council"
"D","103","Kole","Kole","",""
"C","001","Kole County","Kole","Kole County",""
"S","01","Aboke","Kole","Kole County","Aboke"
"S","02","Akalo","Kole","Kole County","Akalo"
"S","03","Alito","Kole","Kole County","Alito"
"S","04","Ayer","Kole","Kole County","Ayer"
"S","05","Balla","Kole","Kole County","Balla"
"S","06","Kole Town Council","Kole","Kole County","Kole Town Council"
"D","104","Kween","Kween","",""
"C","075","Kween County","Kween","Kween County",""
"S","01","Benet","Kween","Kween County","Benet"
"S","02","Binyiny","Kween","Kween County","Binyiny"
"S","03","Kaproron","Kween","Kween County","Kaproron"
"S","04","Ngenge","Kween","Kween County","Ngenge"
"S","05","Kwanyiy","Kween","Kween County","Kwanyiy"
"S","06","Kwosir","Kween","Kween County","Kwosir"
"S","07","Greek River","Kween","Kween County","Greek River"
"S","08","Kaptum","Kween","Kween County","Kaptum"
"S","09","Kitawoi","Kween","Kween County","Kitawoi"
"S","10","Moyok","Kween","Kween County","Moyok"
"S","11","Binyinyi Town Council","Kween","Kween County","Binyinyi Town Council"
"D","105","Lwengo","Lwengo","",""
"C","112","Bukoto County Mid-West","Lwengo","Bukoto County Mid-West",""
"S","01","Lwengo","Lwengo","Bukoto County Mid-West","Lwengo"
"S","02","Ndagwe","Lwengo","Bukoto County Mid-West","Ndagwe"
"S","03","Lwengo Town Council","Lwengo","Bukoto County Mid-West","Lwengo Town Council"
"C","113","Bukoto County West","Lwengo","Bukoto County West",""
"S","01","Kyazanga","Lwengo","Bukoto County West","Kyazanga"
"S","02","Malongo","Lwengo","Bukoto County West","Malongo"
"S","03","Kyazanga Town Council","Lwengo","Bukoto County West","Kyazanga Town Council"
"C","115","Bukoto County South","Lwengo","Bukoto County South",""
"S","01","Kingo","Lwengo","Bukoto County South","Kingo"
"S","02","Kisekka","Lwengo","Bukoto County South","Kisekka"
"D","106","Mitooma","Mitooma","",""
"C","020","Ruhinda County","Mitooma","Ruhinda County",""
"S","01","Bitereko","Mitooma","Ruhinda County","Bitereko"
"S","02","Kabira","Mitooma","Ruhinda County","Kabira"
"S","03","Kanyabwanga","Mitooma","Ruhinda County","Kanyabwanga"
"S","04","Kashenshero","Mitooma","Ruhinda County","Kashenshero"
"S","05","Kiyanga","Mitooma","Ruhinda County","Kiyanga"
"S","06","Mitooma","Mitooma","Ruhinda County","Mitooma"
"S","07","Mutara","Mitooma","Ruhinda County","Mutara"
"S","08","Katenga","Mitooma","Ruhinda County","Katenga"
"S","09","Mayanga","Mitooma","Ruhinda County","Mayanga"
"S","10","Rurehe","Mitooma","Ruhinda County","Rurehe"
"S","11","Kashenshero Town Council","Mitooma","Ruhinda County","Kashenshero Town Council"
"S","12","Mitooma Town Council","Mitooma","Ruhinda County","Mitooma Town Council"
"D","107","Napak","Napak","",""
"C","145","Bokora County","Napak","Bokora County",""
"S","01","Iriiri","Napak","Bokora County","Iriiri"
"S","02","Lokopo","Napak","Bokora County","Lokopo"
"S","03","Lopei","Napak","Bokora County","Lopei"
"S","04","Lotome","Napak","Bokora County","Lotome"
"S","05","Matany","Napak","Bokora County","Matany"
"S","06","Ngoleriet","Napak","Bokora County","Ngoleriet"
"S","07","Lorengecora","Napak","Bokora County","Lorengecora"
"S","08","Napak Town Council","Napak","Bokora County","Napak Town Council"
"D","108","Ngora","Ngora","",""
"C","098","Ngora County","Ngora","Ngora County",""
"S","01","Kapir","Ngora","Ngora County","Kapir"
"S","02","Kobwin","Ngora","Ngora County","Kobwin"
"S","03","Mukura","Ngora","Ngora County","Mukura"
"S","04","Ngora","Ngora","Ngora County","Ngora"
"S","05","Ngora Town Council","Ngora","Ngora County","Ngora Town Council"
"D","109","Buhweju","Buhweju","",""
"C","016","Buhweju County","Buhweju","Buhweju County",""
"S","01","Bihanga","Buhweju","Buhweju County","Bihanga"
"S","02","Burere","Buhweju","Buhweju County","Burere"
"S","03","Karungu","Buhweju","Buhweju County","Karungu"
"S","04","Rwengwe","Buhweju","Buhweju County","Rwengwe"
"S","05","Bitsya","Buhweju","Buhweju County","Bitsya"
"S","06","Engaju","Buhweju","Buhweju County","Engaju"
"S","07","Nyakishana","Buhweju","Buhweju County","Nyakishana"
"S","08","Nsiika Town Council","Buhweju","Buhweju County","Nsiika Town Council"
"D","110","Nwoya","Nwoya","",""
"C","025","Nwoya County","Nwoya","Nwoya County",""
"S","01","Alero","Nwoya","Nwoya County","Alero"
"S","02","Anaka (Payira","Nwoya","Nwoya County","Anaka (Payira"
"S","03","Koch-Goma","Nwoya","Nwoya County","Koch-Goma"
"S","04","Purongo","Nwoya","Nwoya County","Purongo"
"S","05","Anaka Town Council","Nwoya","Nwoya County","Anaka Town Council"
"D","111","Agago","Agago","",""
"C","089","Agago County","Agago","Agago County",""
"S","01","Adilang","Agago","Agago County","Adilang"
"S","02","Lapono","Agago","Agago County","Lapono"
"S","03","Lira-Palwo","Agago","Agago County","Lira-Palwo"
"S","04","Lokole","Agago","Agago County","Lokole"
"S","05","Omot","Agago","Agago County","Omot"
"S","06","Paimol","Agago","Agago County","Paimol"
"S","07","Parabongo","Agago","Agago County","Parabongo"
"S","08","Patongo","Agago","Agago County","Patongo"
"S","09","Wol","Agago","Agago County","Wol"
"S","10","Kalongo Town Council","Agago","Agago County","Kalongo Town Council"
"S","11","Arum","Agago","Agago County","Arum"
"S","12","Kotomor","Agago","Agago County","Kotomor"
"S","13","Lamiyo","Agago","Agago County","Lamiyo"
"S","14","Omiya Pacwa","Agago","Agago County","Omiya Pacwa"
"S","15","Patongo Town Council","Agago","Agago County","Patongo Town Council"
"S","16","Agago Town Council","Agago","Agago County","Agago Town Council"
"D","112","Rubirizi","Rubirizi","",""
"C","017","Bunyaruguru County","Rubirizi","Bunyaruguru County",""
"C","222","Katerera County","Rubirizi","Katerera County",""
"S","01","Rubirizi Town Council","Rubirizi","Katerera County","Rubirizi Town Council"
"S","02","Katunguru","Rubirizi","Katerera County","Katunguru"
"S","03","Kichwamba","Rubirizi","Katerera County","Kichwamba"
"S","04","Ryeru","Rubirizi","Katerera County","Ryeru"
"S","05","Magambo","Rubirizi","Katerera County","Magambo"
"S","08","Rutoto","Rubirizi","Katerera County","Rutoto"
"S","01","Katerera","Rubirizi","Katerera County","Katerera"
"S","06","Katanda","Rubirizi","Katerera County","Katanda"
"S","07","Kyabakara","Rubirizi","Katerera County","Kyabakara"
"S","09","Katerera Town","Rubirizi","Katerera County","Katerera Town"
"S","10","Kirugu","Rubirizi","Katerera County","Kirugu"
